{
  "type": "FeatureCollection",
  "name": "Hintergrund_Carnuntum",
  "crs": {
    "type": "name",
    "properties": {
      "name": "urn:ogc:def:crs:OGC:1.3:CRS84"
    }
  },
  "features": [
    {
      "type": "Feature",
      "properties": {
        "OBJECTID": 7,
        "type": "oeffentlich",
        "type_en": "Public / Civic"
      },
      "geometry": {
        "type": "Polygon",
        "coordinates": [
          [
            [
              16.89298,
              48.126508
            ],
            [
              16.892921,
              48.126472
            ],
            [
              16.892798,
              48.126432
            ],
            [
              16.892749,
              48.126475
            ],
            [
              16.892629,
              48.126456
            ],
            [
              16.892543,
              48.12645
            ],
            [
              16.89242,
              48.126454
            ],
            [
              16.892305,
              48.12648
            ],
            [
              16.892164,
              48.126434
            ],
            [
              16.89205,
              48.126419
            ],
            [
              16.891983,
              48.126464
            ],
            [
              16.891935,
              48.126598
            ],
            [
              16.891938,
              48.126628
            ],
            [
              16.89195,
              48.126633
            ],
            [
              16.892026,
              48.12682
            ],
            [
              16.89206,
              48.126892
            ],
            [
              16.892108,
              48.126954
            ],
            [
              16.892219,
              48.127043
            ],
            [
              16.89234,
              48.127096
            ],
            [
              16.892448,
              48.127153
            ],
            [
              16.892568,
              48.127193
            ],
            [
              16.892717,
              48.127225
            ],
            [
              16.892888,
              48.127228
            ],
            [
              16.893018,
              48.127204
            ],
            [
              16.893176,
              48.127128
            ],
            [
              16.893233,
              48.127079
            ],
            [
              16.893298,
              48.126992
            ],
            [
              16.893313,
              48.126925
            ],
            [
              16.893301,
              48.126847
            ],
            [
              16.893259,
              48.126773
            ],
            [
              16.89321,
              48.126717
            ],
            [
              16.893103,
              48.126637
            ],
            [
              16.893009,
              48.126576
            ],
            [
              16.893037,
              48.126551
            ],
            [
              16.89298,
              48.126508
            ]
          ]
        ]
      }
    },
    {
      "type": "Feature",
      "properties": {
        "OBJECTID": 64,
        "type": "militaerisch",
        "type_en": "Military"
      },
      "geometry": {
        "type": "Polygon",
        "coordinates": [
          [
            [
              16.890341,
              48.125005
            ],
            [
              16.890334,
              48.124795
            ],
            [
              16.890476,
              48.124812
            ],
            [
              16.890705,
              48.124827
            ],
            [
              16.890934,
              48.124881
            ],
            [
              16.891459,
              48.124853
            ],
            [
              16.891787,
              48.124857
            ],
            [
              16.891886,
              48.124856
            ],
            [
              16.892083,
              48.124786
            ],
            [
              16.892236,
              48.124697
            ],
            [
              16.89233,
              48.124553
            ],
            [
              16.89253,
              48.124178
            ],
            [
              16.893005,
              48.122799
            ],
            [
              16.892235,
              48.122364
            ],
            [
              16.891175,
              48.121763
            ],
            [
              16.889677,
              48.120854
            ],
            [
              16.889447,
              48.120782
            ],
            [
              16.889251,
              48.120861
            ],
            [
              16.888874,
              48.121077
            ],
            [
              16.88729,
              48.123022
            ],
            [
              16.887162,
              48.123165
            ],
            [
              16.887042,
              48.123301
            ],
            [
              16.886526,
              48.123744
            ],
            [
              16.8867,
              48.123827
            ],
            [
              16.886876,
              48.123967
            ],
            [
              16.887006,
              48.124041
            ],
            [
              16.887067,
              48.124154
            ],
            [
              16.887215,
              48.124313
            ],
            [
              16.887334,
              48.124445
            ],
            [
              16.887423,
              48.124539
            ],
            [
              16.887401,
              48.12472
            ],
            [
              16.887462,
              48.124843
            ],
            [
              16.887523,
              48.124946
            ],
            [
              16.88778,
              48.124971
            ],
            [
              16.888037,
              48.124995
            ],
            [
              16.888378,
              48.124999
            ],
            [
              16.88855,
              48.125025
            ],
            [
              16.888613,
              48.125186
            ],
            [
              16.888604,
              48.125348
            ],
            [
              16.888596,
              48.125519
            ],
            [
              16.888691,
              48.125765
            ],
            [
              16.888794,
              48.125859
            ],
            [
              16.889027,
              48.125998
            ],
            [
              16.889063,
              48.126226
            ],
            [
              16.889226,
              48.126404
            ],
            [
              16.889428,
              48.126477
            ],
            [
              16.8897,
              48.12652
            ],
            [
              16.890013,
              48.126515
            ],
            [
              16.890577,
              48.126401
            ],
            [
              16.890731,
              48.126332
            ],
            [
              16.890882,
              48.126177
            ],
            [
              16.890959,
              48.125947
            ],
            [
              16.891036,
              48.125708
            ],
            [
              16.891,
              48.125518
            ],
            [
              16.890823,
              48.125349
            ],
            [
              16.890489,
              48.125155
            ],
            [
              16.890341,
              48.125005
            ]
          ]
        ]
      }
    },
    {
      "type": "Feature",
      "properties": {
        "OBJECTID": 68,
        "type": "oeffentlich",
        "type_en": "Public / Civic"
      },
      "geometry": {
        "type": "Polygon",
        "coordinates": [
          [
            [
              16.848723,
              48.110711
            ],
            [
              16.849416,
              48.110858
            ],
            [
              16.849424,
              48.110842
            ],
            [
              16.849641,
              48.110371
            ],
            [
              16.848896,
              48.110183
            ],
            [
              16.848723,
              48.110711
            ]
          ]
        ]
      }
    },
    {
      "type": "Feature",
      "properties": {
        "OBJECTID": 74,
        "type": "Graeberfeld",
        "type_en": "Necropolis"
      },
      "geometry": {
        "type": "Polygon",
        "coordinates": [
          [
            [
              16.861138,
              48.109477
            ],
            [
              16.861065,
              48.109806
            ],
            [
              16.860946,
              48.110051
            ],
            [
              16.860975,
              48.110265
            ],
            [
              16.861038,
              48.110612
            ],
            [
              16.860988,
              48.110892
            ],
            [
              16.860973,
              48.110938
            ],
            [
              16.860882,
              48.11126
            ],
            [
              16.860928,
              48.111362
            ],
            [
              16.861267,
              48.111757
            ],
            [
              16.861302,
              48.111779
            ],
            [
              16.861735,
              48.111966
            ],
            [
              16.862451,
              48.112166
            ],
            [
              16.86346,
              48.112207
            ],
            [
              16.863929,
              48.112199
            ],
            [
              16.864121,
              48.112076
            ],
            [
              16.864551,
              48.110989
            ],
            [
              16.864888,
              48.110183
            ],
            [
              16.864861,
              48.109909
            ],
            [
              16.864729,
              48.109311
            ],
            [
              16.86463,
              48.108696
            ],
            [
              16.864592,
              48.107891
            ],
            [
              16.8648,
              48.10727
            ],
            [
              16.865099,
              48.106814
            ],
            [
              16.865167,
              48.106555
            ],
            [
              16.865012,
              48.105569
            ],
            [
              16.865003,
              48.105569
            ],
            [
              16.864986,
              48.105558
            ],
            [
              16.864755,
              48.105562
            ],
            [
              16.864578,
              48.10561
            ],
            [
              16.864417,
              48.105647
            ],
            [
              16.863549,
              48.106193
            ],
            [
              16.862708,
              48.106772
            ],
            [
              16.861948,
              48.107453
            ],
            [
              16.861565,
              48.107734
            ],
            [
              16.86143,
              48.107988
            ],
            [
              16.861244,
              48.108768
            ],
            [
              16.861138,
              48.109477
            ]
          ]
        ]
      }
    },
    {
      "type": "Feature",
      "properties": {
        "OBJECTID": 76,
        "type": "militaerisch",
        "type_en": "Military"
      },
      "geometry": {
        "type": "Polygon",
        "coordinates": [
          [
            [
              16.88939,
              48.119517
            ],
            [
              16.887635,
              48.118469
            ],
            [
              16.887389,
              48.118645
            ],
            [
              16.885666,
              48.119911
            ],
            [
              16.886466,
              48.120365
            ],
            [
              16.887559,
              48.120921
            ],
            [
              16.888292,
              48.120329
            ],
            [
              16.888825,
              48.119925
            ],
            [
              16.889157,
              48.119673
            ],
            [
              16.88939,
              48.119517
            ]
          ]
        ]
      }
    },
    {
      "type": "Feature",
      "properties": {
        "OBJECTID": 79,
        "type": "militaerisch",
        "type_en": "Military"
      },
      "geometry": {
        "type": "Polygon",
        "coordinates": [
          [
            [
              16.884847,
              48.119978
            ],
            [
              16.884288,
              48.120239
            ],
            [
              16.883446,
              48.120901
            ],
            [
              16.884056,
              48.12127
            ],
            [
              16.885438,
              48.122116
            ],
            [
              16.885856,
              48.121932
            ],
            [
              16.886125,
              48.12154
            ],
            [
              16.886127,
              48.121537
            ],
            [
              16.88612,
              48.121533
            ],
            [
              16.885542,
              48.120625
            ],
            [
              16.885216,
              48.120322
            ],
            [
              16.885108,
              48.120221
            ],
            [
              16.884883,
              48.120012
            ],
            [
              16.884847,
              48.119978
            ]
          ]
        ]
      }
    },
    {
      "type": "Feature",
      "properties": {
        "OBJECTID": 82,
        "type": "Siedlung",
        "type_en": "Settlement"
      },
      "geometry": {
        "type": "Polygon",
        "coordinates": [
          [
            [
              16.899675,
              48.123059
            ],
            [
              16.899854,
              48.12276
            ],
            [
              16.900046,
              48.122637
            ],
            [
              16.899911,
              48.122406
            ],
            [
              16.899482,
              48.122112
            ],
            [
              16.899228,
              48.121932
            ],
            [
              16.899073,
              48.1218
            ],
            [
              16.898964,
              48.12172
            ],
            [
              16.89847,
              48.1212
            ],
            [
              16.898389,
              48.121096
            ],
            [
              16.898386,
              48.121094
            ],
            [
              16.898141,
              48.121197
            ],
            [
              16.897808,
              48.121211
            ],
            [
              16.897558,
              48.121203
            ],
            [
              16.897152,
              48.121191
            ],
            [
              16.896883,
              48.121106
            ],
            [
              16.896456,
              48.120734
            ],
            [
              16.896349,
              48.120691
            ],
            [
              16.896754,
              48.12023
            ],
            [
              16.896577,
              48.120195
            ],
            [
              16.897193,
              48.119497
            ],
            [
              16.897718,
              48.119128
            ],
            [
              16.897687,
              48.119028
            ],
            [
              16.896876,
              48.118623
            ],
            [
              16.897199,
              48.118352
            ],
            [
              16.896482,
              48.117989
            ],
            [
              16.896682,
              48.117757
            ],
            [
              16.896978,
              48.117915
            ],
            [
              16.897196,
              48.117795
            ],
            [
              16.896966,
              48.117578
            ],
            [
              16.89703,
              48.117466
            ],
            [
              16.897306,
              48.117544
            ],
            [
              16.897524,
              48.117327
            ],
            [
              16.897165,
              48.117171
            ],
            [
              16.897519,
              48.116651
            ],
            [
              16.897339,
              48.116576
            ],
            [
              16.896675,
              48.116983
            ],
            [
              16.896627,
              48.116969
            ],
            [
              16.896448,
              48.117056
            ],
            [
              16.896172,
              48.11731
            ],
            [
              16.895589,
              48.117747
            ],
            [
              16.89549,
              48.118031
            ],
            [
              16.895163,
              48.118179
            ],
            [
              16.894988,
              48.118316
            ],
            [
              16.892954,
              48.117044
            ],
            [
              16.892556,
              48.11736
            ],
            [
              16.891412,
              48.117634
            ],
            [
              16.891115,
              48.117822
            ],
            [
              16.890493,
              48.118096
            ],
            [
              16.890215,
              48.118267
            ],
            [
              16.889924,
              48.118666
            ],
            [
              16.889665,
              48.118602
            ],
            [
              16.889534,
              48.118758
            ],
            [
              16.889075,
              48.118566
            ],
            [
              16.889561,
              48.118101
            ],
            [
              16.889367,
              48.117801
            ],
            [
              16.889045,
              48.11771
            ],
            [
              16.888602,
              48.117562
            ],
            [
              16.888275,
              48.117312
            ],
            [
              16.888075,
              48.117228
            ],
            [
              16.887937,
              48.117327
            ],
            [
              16.887704,
              48.117274
            ],
            [
              16.88743,
              48.117461
            ],
            [
              16.887405,
              48.117479
            ],
            [
              16.8868,
              48.117283
            ],
            [
              16.886791,
              48.117277
            ],
            [
              16.887238,
              48.116898
            ],
            [
              16.886881,
              48.116704
            ],
            [
              16.886846,
              48.116688
            ],
            [
              16.887413,
              48.116307
            ],
            [
              16.887536,
              48.116391
            ],
            [
              16.887819,
              48.11622
            ],
            [
              16.887931,
              48.116155
            ],
            [
              16.887917,
              48.116081
            ],
            [
              16.887871,
              48.115996
            ],
            [
              16.887708,
              48.115976
            ],
            [
              16.886866,
              48.11535
            ],
            [
              16.886709,
              48.115447
            ],
            [
              16.886647,
              48.115486
            ],
            [
              16.886617,
              48.115504
            ],
            [
              16.88644,
              48.115614
            ],
            [
              16.886111,
              48.115417
            ],
            [
              16.885938,
              48.115305
            ],
            [
              16.885627,
              48.115177
            ],
            [
              16.885397,
              48.115338
            ],
            [
              16.88532,
              48.115286
            ],
            [
              16.88522,
              48.115341
            ],
            [
              16.885273,
              48.11539
            ],
            [
              16.885026,
              48.115596
            ],
            [
              16.885044,
              48.11564
            ],
            [
              16.885184,
              48.115723
            ],
            [
              16.885181,
              48.115732
            ],
            [
              16.885142,
              48.115824
            ],
            [
              16.88523,
              48.115903
            ],
            [
              16.885015,
              48.116095
            ],
            [
              16.885401,
              48.116386
            ],
            [
              16.885118,
              48.116562
            ],
            [
              16.885425,
              48.116797
            ],
            [
              16.885935,
              48.116475
            ],
            [
              16.885984,
              48.116445
            ],
            [
              16.886001,
              48.116444
            ],
            [
              16.886247,
              48.116623
            ],
            [
              16.886282,
              48.116646
            ],
            [
              16.88615,
              48.116791
            ],
            [
              16.8863,
              48.116925
            ],
            [
              16.886044,
              48.117053
            ],
            [
              16.885839,
              48.117156
            ],
            [
              16.885878,
              48.117272
            ],
            [
              16.886485,
              48.117959
            ],
            [
              16.886677,
              48.118055
            ],
            [
              16.887403,
              48.118424
            ],
            [
              16.887573,
              48.118513
            ],
            [
              16.887635,
              48.118469
            ],
            [
              16.88775,
              48.118538
            ],
            [
              16.88939,
              48.119517
            ],
            [
              16.889293,
              48.119583
            ],
            [
              16.889337,
              48.11961
            ],
            [
              16.890211,
              48.11967
            ],
            [
              16.89042,
              48.119684
            ],
            [
              16.890662,
              48.1197
            ],
            [
              16.890804,
              48.119755
            ],
            [
              16.891047,
              48.119868
            ],
            [
              16.89118,
              48.120058
            ],
            [
              16.89141,
              48.120169
            ],
            [
              16.89144,
              48.12022
            ],
            [
              16.891693,
              48.120356
            ],
            [
              16.892235,
              48.120454
            ],
            [
              16.892578,
              48.120626
            ],
            [
              16.892691,
              48.120687
            ],
            [
              16.892653,
              48.120721
            ],
            [
              16.893402,
              48.121099
            ],
            [
              16.893894,
              48.12141
            ],
            [
              16.893936,
              48.121437
            ],
            [
              16.894618,
              48.121969
            ],
            [
              16.895233,
              48.122429
            ],
            [
              16.89541,
              48.122856
            ],
            [
              16.895456,
              48.122889
            ],
            [
              16.895487,
              48.122973
            ],
            [
              16.895674,
              48.123134
            ],
            [
              16.895738,
              48.123139
            ],
            [
              16.896422,
              48.123418
            ],
            [
              16.896694,
              48.123529
            ],
            [
              16.895085,
              48.123768
            ],
            [
              16.894813,
              48.123904
            ],
            [
              16.894878,
              48.124454
            ],
            [
              16.895057,
              48.124566
            ],
            [
              16.895197,
              48.124759
            ],
            [
              16.89537,
              48.124934
            ],
            [
              16.895449,
              48.125037
            ],
            [
              16.895643,
              48.125295
            ],
            [
              16.895066,
              48.125813
            ],
            [
              16.894865,
              48.125934
            ],
            [
              16.894529,
              48.126143
            ],
            [
              16.894294,
              48.126262
            ],
            [
              16.894194,
              48.126308
            ],
            [
              16.894167,
              48.126335
            ],
            [
              16.893824,
              48.127006
            ],
            [
              16.89343,
              48.127203
            ],
            [
              16.893384,
              48.127242
            ],
            [
              16.893267,
              48.127287
            ],
            [
              16.893266,
              48.127287
            ],
            [
              16.893207,
              48.12731
            ],
            [
              16.893207,
              48.127311
            ],
            [
              16.8932,
              48.127345
            ],
            [
              16.893084,
              48.127368
            ],
            [
              16.892701,
              48.127581
            ],
            [
              16.892496,
              48.127648
            ],
            [
              16.89228,
              48.127749
            ],
            [
              16.892756,
              48.129073
            ],
            [
              16.893155,
              48.129244
            ],
            [
              16.893479,
              48.129238
            ],
            [
              16.893645,
              48.129344
            ],
            [
              16.893715,
              48.129395
            ],
            [
              16.894515,
              48.129553
            ],
            [
              16.895045,
              48.129567
            ],
            [
              16.895106,
              48.129594
            ],
            [
              16.895209,
              48.129621
            ],
            [
              16.895292,
              48.129546
            ],
            [
              16.895367,
              48.129499
            ],
            [
              16.895579,
              48.129472
            ],
            [
              16.895986,
              48.129626
            ],
            [
              16.896603,
              48.129924
            ],
            [
              16.898213,
              48.129178
            ],
            [
              16.899092,
              48.129495
            ],
            [
              16.899829,
              48.129316
            ],
            [
              16.900086,
              48.129265
            ],
            [
              16.899574,
              48.12844
            ],
            [
              16.901569,
              48.127756
            ],
            [
              16.901662,
              48.127503
            ],
            [
              16.90144,
              48.127044
            ],
            [
              16.901388,
              48.127004
            ],
            [
              16.900785,
              48.126626
            ],
            [
              16.90062,
              48.126566
            ],
            [
              16.900258,
              48.126339
            ],
            [
              16.89973,
              48.126299
            ],
            [
              16.899451,
              48.125919
            ],
            [
              16.898656,
              48.125664
            ],
            [
              16.898478,
              48.125623
            ],
            [
              16.898075,
              48.125208
            ],
            [
              16.897996,
              48.12511
            ],
            [
              16.898006,
              48.125078
            ],
            [
              16.898109,
              48.124764
            ],
            [
              16.898094,
              48.124484
            ],
            [
              16.898517,
              48.124198
            ],
            [
              16.899318,
              48.123877
            ],
            [
              16.899642,
              48.123616
            ],
            [
              16.899722,
              48.123585
            ],
            [
              16.899796,
              48.123492
            ],
            [
              16.899828,
              48.123352
            ],
            [
              16.899834,
              48.123326
            ],
            [
              16.899839,
              48.123306
            ],
            [
              16.899841,
              48.123299
            ],
            [
              16.899843,
              48.12329
            ],
            [
              16.899844,
              48.123286
            ],
            [
              16.899844,
              48.123283
            ],
            [
              16.899846,
              48.123277
            ],
            [
              16.899846,
              48.123274
            ],
            [
              16.899847,
              48.123273
            ],
            [
              16.899848,
              48.123265
            ],
            [
              16.899861,
              48.123212
            ],
            [
              16.899862,
              48.123205
            ],
            [
              16.899864,
              48.123197
            ],
            [
              16.899865,
              48.123193
            ],
            [
              16.899865,
              48.123192
            ],
            [
              16.89986,
              48.123188
            ],
            [
              16.899855,
              48.123184
            ],
            [
              16.899848,
              48.123179
            ],
            [
              16.899845,
              48.123177
            ],
            [
              16.899828,
              48.123165
            ],
            [
              16.899803,
              48.123148
            ],
            [
              16.899675,
              48.123059
            ]
          ]
        ]
      }
    },
    {
      "type": "Feature",
      "properties": {
        "OBJECTID": 72,
        "type": "Graeberfeld",
        "type_en": "Necropolis"
      },
      "geometry": {
        "type": "Polygon",
        "coordinates": [
          [
            [
              16.847965,
              48.109753
            ],
            [
              16.848013,
              48.109965
            ],
            [
              16.848127,
              48.110176
            ],
            [
              16.848288,
              48.110327
            ],
            [
              16.84871,
              48.110521
            ],
            [
              16.848759,
              48.110535
            ],
            [
              16.848779,
              48.110538
            ],
            [
              16.848896,
              48.110183
            ],
            [
              16.849038,
              48.110218
            ],
            [
              16.849008,
              48.110187
            ],
            [
              16.848937,
              48.110131
            ],
            [
              16.848672,
              48.109969
            ],
            [
              16.848584,
              48.10989
            ],
            [
              16.848474,
              48.109793
            ],
            [
              16.848232,
              48.10959
            ],
            [
              16.848053,
              48.109542
            ],
            [
              16.847978,
              48.109581
            ],
            [
              16.847954,
              48.10968
            ],
            [
              16.847965,
              48.109753
            ]
          ]
        ]
      }
    },
    {
      "type": "Feature",
      "properties": {
        "OBJECTID": 27,
        "type": "Graeberfeld",
        "type_en": "Necropolis"
      },
      "geometry": {
        "type": "Polygon",
        "coordinates": [
          [
            [
              16.840075,
              48.113996
            ],
            [
              16.84006,
              48.113942
            ],
            [
              16.840128,
              48.113801
            ],
            [
              16.84022,
              48.113739
            ],
            [
              16.840257,
              48.113713
            ],
            [
              16.843439,
              48.114034
            ],
            [
              16.843453,
              48.113951
            ],
            [
              16.84275,
              48.113845
            ],
            [
              16.842478,
              48.113818
            ],
            [
              16.8423,
              48.1138
            ],
            [
              16.842112,
              48.113781
            ],
            [
              16.84204,
              48.113496
            ],
            [
              16.842012,
              48.113388
            ],
            [
              16.842291,
              48.113428
            ],
            [
              16.842258,
              48.113399
            ],
            [
              16.842241,
              48.113399
            ],
            [
              16.842027,
              48.113385
            ],
            [
              16.842014,
              48.113352
            ],
            [
              16.841164,
              48.113312
            ],
            [
              16.840677,
              48.113289
            ],
            [
              16.84032,
              48.113226
            ],
            [
              16.839832,
              48.11323
            ],
            [
              16.839803,
              48.113175
            ],
            [
              16.839651,
              48.113211
            ],
            [
              16.839141,
              48.11315
            ],
            [
              16.839194,
              48.112707
            ],
            [
              16.838898,
              48.112664
            ],
            [
              16.838269,
              48.112571
            ],
            [
              16.837297,
              48.112598
            ],
            [
              16.834218,
              48.11219
            ],
            [
              16.830722,
              48.11156
            ],
            [
              16.830577,
              48.111808
            ],
            [
              16.837828,
              48.113624
            ],
            [
              16.837844,
              48.11353
            ],
            [
              16.840075,
              48.113996
            ]
          ]
        ]
      }
    },
    {
      "type": "Feature",
      "properties": {
        "OBJECTID": 2,
        "type": "oeffentlich",
        "type_en": "Public / Civic"
      },
      "geometry": {
        "type": "Polygon",
        "coordinates": [
          [
            [
              16.856357,
              48.114026
            ],
            [
              16.85593,
              48.114055
            ],
            [
              16.855479,
              48.114087
            ],
            [
              16.855506,
              48.114244
            ],
            [
              16.855617,
              48.114876
            ],
            [
              16.855619,
              48.114885
            ],
            [
              16.855686,
              48.115268
            ],
            [
              16.855702,
              48.115358
            ],
            [
              16.856584,
              48.11529
            ],
            [
              16.856564,
              48.115182
            ],
            [
              16.856544,
              48.115071
            ],
            [
              16.856357,
              48.114026
            ]
          ]
        ]
      }
    },
    {
      "type": "Feature",
      "properties": {
        "OBJECTID": null,
        "type": "oeffentlich",
        "type_en": "Public / Civic"
      },
      "geometry": {
        "type": "Polygon",
        "coordinates": [
          [
            [
              16.855071,
              48.115476
            ],
            [
              16.855106,
              48.11691
            ],
            [
              16.856577,
              48.116884
            ],
            [
              16.856474,
              48.115442
            ],
            [
              16.855071,
              48.115476
            ]
          ]
        ]
      }
    },
    {
      "type": "Feature",
      "properties": {
        "OBJECTID": null,
        "type": "oeffentlich",
        "type_en": "Public / Civic"
      },
      "geometry": {
        "type": "Polygon",
        "coordinates": [
          [
            [
              16.851643,
              48.113122
            ],
            [
              16.851644,
              48.113443
            ],
            [
              16.852314,
              48.113429
            ],
            [
              16.852289,
              48.112981
            ],
            [
              16.851643,
              48.113122
            ]
          ]
        ]
      }
    },
    {
      "type": "Feature",
      "properties": {
        "OBJECTID": 38,
        "type": "Siedlung",
        "type_en": "Settlement"
      },
      "geometry": {
        "type": "MultiPolygon",
        "coordinates": [
          [
            [
              [
                16.849357,
                48.116969
              ],
              [
                16.849443,
                48.117004
              ],
              [
                16.8496,
                48.117017
              ],
              [
                16.852704,
                48.117003
              ],
              [
                16.858176,
                48.117017
              ],
              [
                16.860073,
                48.116855
              ],
              [
                16.863316,
                48.116351
              ],
              [
                16.863637,
                48.116277
              ],
              [
                16.863636,
                48.116237
              ],
              [
                16.863635,
                48.115828
              ],
              [
                16.864183,
                48.115805
              ],
              [
                16.86669,
                48.115713
              ],
              [
                16.86785,
                48.115231
              ],
              [
                16.868023,
                48.115068
              ],
              [
                16.867975,
                48.114904
              ],
              [
                16.867836,
                48.114854
              ],
              [
                16.867107,
                48.114746
              ],
              [
                16.866053,
                48.114626
              ],
              [
                16.865842,
                48.114452
              ],
              [
                16.86563,
                48.114256
              ],
              [
                16.865449,
                48.113739
              ],
              [
                16.865426,
                48.113099
              ],
              [
                16.865349,
                48.112866
              ],
              [
                16.865152,
                48.112629
              ],
              [
                16.864956,
                48.112626
              ],
              [
                16.864951,
                48.112627
              ],
              [
                16.864363,
                48.11251
              ],
              [
                16.863358,
                48.112833
              ],
              [
                16.863275,
                48.112859
              ],
              [
                16.862429,
                48.112663
              ],
              [
                16.861829,
                48.112523
              ],
              [
                16.860998,
                48.112445
              ],
              [
                16.85748,
                48.112153
              ],
              [
                16.855504,
                48.112276
              ],
              [
                16.854767,
                48.112463
              ],
              [
                16.854681,
                48.112463
              ],
              [
                16.852289,
                48.112982
              ],
              [
                16.852314,
                48.113429
              ],
              [
                16.851644,
                48.113443
              ],
              [
                16.851643,
                48.113122
              ],
              [
                16.849444,
                48.113397
              ],
              [
                16.849444,
                48.114163
              ],
              [
                16.84936,
                48.114199
              ],
              [
                16.849104,
                48.114158
              ],
              [
                16.848675,
                48.114091
              ],
              [
                16.848524,
                48.114067
              ],
              [
                16.847778,
                48.114353
              ],
              [
                16.847388,
                48.114439
              ],
              [
                16.847005,
                48.114231
              ],
              [
                16.846764,
                48.114166
              ],
              [
                16.84655,
                48.114398
              ],
              [
                16.846223,
                48.114327
              ],
              [
                16.84623,
                48.114313
              ],
              [
                16.844753,
                48.114007
              ],
              [
                16.844836,
                48.113846
              ],
              [
                16.84446,
                48.113786
              ],
              [
                16.844422,
                48.113838
              ],
              [
                16.844376,
                48.113985
              ],
              [
                16.844182,
                48.113933
              ],
              [
                16.844115,
                48.113837
              ],
              [
                16.844137,
                48.113704
              ],
              [
                16.84414,
                48.113688
              ],
              [
                16.843947,
                48.113674
              ],
              [
                16.84391,
                48.113688
              ],
              [
                16.843724,
                48.113761
              ],
              [
                16.842871,
                48.113613
              ],
              [
                16.842795,
                48.1136
              ],
              [
                16.842814,
                48.113504
              ],
              [
                16.842012,
                48.113388
              ],
              [
                16.84204,
                48.113496
              ],
              [
                16.842112,
                48.113781
              ],
              [
                16.8423,
                48.1138
              ],
              [
                16.842478,
                48.113818
              ],
              [
                16.84275,
                48.113845
              ],
              [
                16.843453,
                48.113951
              ],
              [
                16.843439,
                48.114034
              ],
              [
                16.840257,
                48.113713
              ],
              [
                16.84022,
                48.113739
              ],
              [
                16.840128,
                48.113801
              ],
              [
                16.84006,
                48.113942
              ],
              [
                16.8401,
                48.11409
              ],
              [
                16.840328,
                48.114138
              ],
              [
                16.840404,
                48.11415
              ],
              [
                16.84045,
                48.114158
              ],
              [
                16.840701,
                48.114198
              ],
              [
                16.840967,
                48.114222
              ],
              [
                16.841283,
                48.11424
              ],
              [
                16.841463,
                48.114266
              ],
              [
                16.841546,
                48.114187
              ],
              [
                16.841596,
                48.114186
              ],
              [
                16.841729,
                48.114181
              ],
              [
                16.84174,
                48.114189
              ],
              [
                16.841817,
                48.114246
              ],
              [
                16.841792,
                48.114395
              ],
              [
                16.842036,
                48.114405
              ],
              [
                16.842069,
                48.114362
              ],
              [
                16.842113,
                48.114307
              ],
              [
                16.842301,
                48.114309
              ],
              [
                16.842277,
                48.114404
              ],
              [
                16.842256,
                48.114487
              ],
              [
                16.842347,
                48.114523
              ],
              [
                16.842428,
                48.114513
              ],
              [
                16.842558,
                48.114465
              ],
              [
                16.842721,
                48.114468
              ],
              [
                16.842795,
                48.11441
              ],
              [
                16.842943,
                48.114403
              ],
              [
                16.843068,
                48.114397
              ],
              [
                16.843087,
                48.11445
              ],
              [
                16.843111,
                48.114516
              ],
              [
                16.843214,
                48.114523
              ],
              [
                16.843325,
                48.11453
              ],
              [
                16.843391,
                48.114463
              ],
              [
                16.84361,
                48.114515
              ],
              [
                16.843928,
                48.11459
              ],
              [
                16.8438,
                48.114934
              ],
              [
                16.844411,
                48.115084
              ],
              [
                16.844493,
                48.114978
              ],
              [
                16.844501,
                48.114968
              ],
              [
                16.84497,
                48.115061
              ],
              [
                16.844935,
                48.115128
              ],
              [
                16.844902,
                48.115191
              ],
              [
                16.84505,
                48.115233
              ],
              [
                16.845216,
                48.115281
              ],
              [
                16.845656,
                48.115407
              ],
              [
                16.84614,
                48.115412
              ],
              [
                16.846225,
                48.11543
              ],
              [
                16.847515,
                48.115709
              ],
              [
                16.848488,
                48.115699
              ],
              [
                16.849199,
                48.115717
              ],
              [
                16.849321,
                48.11572
              ],
              [
                16.849275,
                48.116824
              ],
              [
                16.849295,
                48.116912
              ],
              [
                16.849357,
                48.116969
              ]
            ]
          ],
          [
            [
              [
                16.856564,
                48.115182
              ],
              [
                16.856584,
                48.11529
              ],
              [
                16.855702,
                48.115358
              ],
              [
                16.855686,
                48.115268
              ],
              [
                16.855619,
                48.114885
              ],
              [
                16.855617,
                48.114876
              ],
              [
                16.855506,
                48.114244
              ],
              [
                16.855479,
                48.114087
              ],
              [
                16.855495,
                48.114086
              ],
              [
                16.85593,
                48.114055
              ],
              [
                16.856357,
                48.114026
              ],
              [
                16.856544,
                48.115071
              ],
              [
                16.856564,
                48.115182
              ]
            ]
          ],
          [
            [
              [
                16.856577,
                48.116884
              ],
              [
                16.855106,
                48.11691
              ],
              [
                16.855071,
                48.115476
              ],
              [
                16.856474,
                48.115442
              ],
              [
                16.856577,
                48.116884
              ]
            ]
          ]
        ]
      }
    },
    {
      "type": "Feature",
      "properties": {
        "OBJECTID": 66,
        "type": "Siedlung",
        "type_en": "Settlement"
      },
      "geometry": {
        "type": "Polygon",
        "coordinates": [
          [
            [
              16.851681,
              48.110131
            ],
            [
              16.851676,
              48.110153
            ],
            [
              16.85167,
              48.110176
            ],
            [
              16.851669,
              48.110178
            ],
            [
              16.851663,
              48.110195
            ],
            [
              16.851662,
              48.110199
            ],
            [
              16.851648,
              48.110232
            ],
            [
              16.851632,
              48.110264
            ],
            [
              16.851613,
              48.110295
            ],
            [
              16.851591,
              48.110325
            ],
            [
              16.851567,
              48.110354
            ],
            [
              16.851564,
              48.110357
            ],
            [
              16.851547,
              48.110376
            ],
            [
              16.851529,
              48.110393
            ],
            [
              16.851528,
              48.110394
            ],
            [
              16.851495,
              48.110423
            ],
            [
              16.85146,
              48.110449
            ],
            [
              16.851422,
              48.110474
            ],
            [
              16.851382,
              48.110496
            ],
            [
              16.85134,
              48.110517
            ],
            [
              16.851296,
              48.110535
            ],
            [
              16.851251,
              48.110552
            ],
            [
              16.851351,
              48.111022
            ],
            [
              16.85138,
              48.111493
            ],
            [
              16.85154,
              48.111829
            ],
            [
              16.851597,
              48.11186
            ],
            [
              16.85237,
              48.111933
            ],
            [
              16.852348,
              48.111748
            ],
            [
              16.85236,
              48.111688
            ],
            [
              16.852309,
              48.111496
            ],
            [
              16.852486,
              48.111479
            ],
            [
              16.852448,
              48.111325
            ],
            [
              16.852464,
              48.111315
            ],
            [
              16.85245,
              48.111202
            ],
            [
              16.852761,
              48.111138
            ],
            [
              16.852759,
              48.111088
            ],
            [
              16.852857,
              48.111062
            ],
            [
              16.852766,
              48.110928
            ],
            [
              16.852653,
              48.110774
            ],
            [
              16.852637,
              48.110759
            ],
            [
              16.851831,
              48.110242
            ],
            [
              16.851734,
              48.11018
            ],
            [
              16.851716,
              48.110163
            ],
            [
              16.851681,
              48.110131
            ]
          ]
        ]
      }
    },
    {
      "type": "Feature",
      "properties": {
        "OBJECTID": null,
        "type": "Graeberfeld",
        "type_en": "Necropolis"
      },
      "geometry": {
        "type": "MultiPolygon",
        "coordinates": [
          [
            [
              [
                16.85281,
                48.111075
              ],
              [
                16.852759,
                48.111088
              ],
              [
                16.852761,
                48.111138
              ],
              [
                16.85245,
                48.111202
              ],
              [
                16.852464,
                48.111315
              ],
              [
                16.852448,
                48.111325
              ],
              [
                16.852486,
                48.111479
              ],
              [
                16.852309,
                48.111496
              ],
              [
                16.85236,
                48.111688
              ],
              [
                16.852348,
                48.111748
              ],
              [
                16.85237,
                48.111933
              ],
              [
                16.854062,
                48.112101
              ],
              [
                16.854836,
                48.112166
              ],
              [
                16.854895,
                48.11217
              ],
              [
                16.854909,
                48.112172
              ],
              [
                16.854907,
                48.112168
              ],
              [
                16.855509,
                48.112109
              ],
              [
                16.855862,
                48.112071
              ],
              [
                16.855875,
                48.112062
              ],
              [
                16.85662,
                48.111977
              ],
              [
                16.856754,
                48.111937
              ],
              [
                16.856802,
                48.111889
              ],
              [
                16.856807,
                48.111836
              ],
              [
                16.857495,
                48.111837
              ],
              [
                16.8578,
                48.111851
              ],
              [
                16.85782,
                48.11183
              ],
              [
                16.857806,
                48.111811
              ],
              [
                16.8569,
                48.110676
              ],
              [
                16.858104,
                48.109655
              ],
              [
                16.858176,
                48.10948
              ],
              [
                16.858355,
                48.10913
              ],
              [
                16.858583,
                48.108607
              ],
              [
                16.859153,
                48.108083
              ],
              [
                16.859685,
                48.10768
              ],
              [
                16.860394,
                48.107228
              ],
              [
                16.860505,
                48.106981
              ],
              [
                16.860249,
                48.106768
              ],
              [
                16.859773,
                48.10657
              ],
              [
                16.859439,
                48.106535
              ],
              [
                16.85908,
                48.106535
              ],
              [
                16.85857,
                48.106578
              ],
              [
                16.85799,
                48.106833
              ],
              [
                16.857709,
                48.107083
              ],
              [
                16.857596,
                48.107245
              ],
              [
                16.857103,
                48.107562
              ],
              [
                16.85672,
                48.107579
              ],
              [
                16.85635,
                48.107482
              ],
              [
                16.856161,
                48.107387
              ],
              [
                16.855404,
                48.106332
              ],
              [
                16.854686,
                48.105717
              ],
              [
                16.851517,
                48.107334
              ],
              [
                16.84956,
                48.10588
              ],
              [
                16.84936,
                48.105803
              ],
              [
                16.848605,
                48.106173
              ],
              [
                16.848036,
                48.106242
              ],
              [
                16.848299,
                48.106559
              ],
              [
                16.848329,
                48.106591
              ],
              [
                16.848341,
                48.106636
              ],
              [
                16.848341,
                48.106678
              ],
              [
                16.848317,
                48.106719
              ],
              [
                16.84828,
                48.106747
              ],
              [
                16.847872,
                48.10685
              ],
              [
                16.847303,
                48.106988
              ],
              [
                16.847589,
                48.108187
              ],
              [
                16.84838,
                48.108574
              ],
              [
                16.848939,
                48.109057
              ],
              [
                16.848472,
                48.109347
              ],
              [
                16.849277,
                48.110037
              ],
              [
                16.850204,
                48.110263
              ],
              [
                16.850192,
                48.110245
              ],
              [
                16.850192,
                48.110245
              ],
              [
                16.850185,
                48.110233
              ],
              [
                16.850172,
                48.11021
              ],
              [
                16.850161,
                48.110188
              ],
              [
                16.850158,
                48.110182
              ],
              [
                16.850145,
                48.11015
              ],
              [
                16.850142,
                48.110139
              ],
              [
                16.85014,
                48.110133
              ],
              [
                16.850133,
                48.110112
              ],
              [
                16.850128,
                48.11009
              ],
              [
                16.850127,
                48.110086
              ],
              [
                16.850126,
                48.110081
              ],
              [
                16.850126,
                48.110077
              ],
              [
                16.850122,
                48.110055
              ],
              [
                16.85012,
                48.110033
              ],
              [
                16.85012,
                48.110029
              ],
              [
                16.850119,
                48.110008
              ],
              [
                16.850119,
                48.109988
              ],
              [
                16.850119,
                48.10998
              ],
              [
                16.850121,
                48.109956
              ],
              [
                16.850124,
                48.109932
              ],
              [
                16.850125,
                48.109929
              ],
              [
                16.850126,
                48.109921
              ],
              [
                16.850127,
                48.10992
              ],
              [
                16.850128,
                48.109914
              ],
              [
                16.850128,
                48.109914
              ],
              [
                16.850129,
                48.109908
              ],
              [
                16.850129,
                48.109906
              ],
              [
                16.850131,
                48.109899
              ],
              [
                16.850132,
                48.109897
              ],
              [
                16.850132,
                48.109897
              ],
              [
                16.850133,
                48.109891
              ],
              [
                16.850134,
                48.109887
              ],
              [
                16.850135,
                48.109884
              ],
              [
                16.850136,
                48.109882
              ],
              [
                16.850136,
                48.109881
              ],
              [
                16.850137,
                48.109879
              ],
              [
                16.850137,
                48.109877
              ],
              [
                16.850145,
                48.109853
              ],
              [
                16.850155,
                48.10983
              ],
              [
                16.850158,
                48.109824
              ],
              [
                16.850168,
                48.109802
              ],
              [
                16.85018,
                48.109781
              ],
              [
                16.850181,
                48.109778
              ],
              [
                16.850193,
                48.10976
              ],
              [
                16.850213,
                48.109731
              ],
              [
                16.850214,
                48.10973
              ],
              [
                16.850221,
                48.109721
              ],
              [
                16.850221,
                48.10972
              ],
              [
                16.850224,
                48.109717
              ],
              [
                16.850233,
                48.109706
              ],
              [
                16.850234,
                48.109705
              ],
              [
                16.85024,
                48.109698
              ],
              [
                16.850244,
                48.109694
              ],
              [
                16.850258,
                48.109679
              ],
              [
                16.850259,
                48.109678
              ],
              [
                16.850281,
                48.109657
              ],
              [
                16.850304,
                48.109637
              ],
              [
                16.850304,
                48.109637
              ],
              [
                16.850314,
                48.109629
              ],
              [
                16.850314,
                48.109629
              ],
              [
                16.850349,
                48.109603
              ],
              [
                16.850386,
                48.109578
              ],
              [
                16.850388,
                48.109577
              ],
              [
                16.850389,
                48.109577
              ],
              [
                16.850394,
                48.109574
              ],
              [
                16.850395,
                48.109573
              ],
              [
                16.850398,
                48.109571
              ],
              [
                16.850402,
                48.109569
              ],
              [
                16.850406,
                48.109567
              ],
              [
                16.850408,
                48.109566
              ],
              [
                16.850413,
                48.109563
              ],
              [
                16.850414,
                48.109562
              ],
              [
                16.850417,
                48.109561
              ],
              [
                16.850421,
                48.109559
              ],
              [
                16.850425,
                48.109556
              ],
              [
                16.850427,
                48.109555
              ],
              [
                16.850433,
                48.109552
              ],
              [
                16.850434,
                48.109552
              ],
              [
                16.850437,
                48.10955
              ],
              [
                16.850441,
                48.109548
              ],
              [
                16.850445,
                48.109546
              ],
              [
                16.850447,
                48.109545
              ],
              [
                16.85045,
                48.109544
              ],
              [
                16.850454,
                48.109542
              ],
              [
                16.850456,
                48.109541
              ],
              [
                16.850461,
                48.109539
              ],
              [
                16.850466,
                48.109536
              ],
              [
                16.850468,
                48.109535
              ],
              [
                16.850472,
                48.109534
              ],
              [
                16.850475,
                48.109532
              ],
              [
                16.850478,
                48.109531
              ],
              [
                16.85048,
                48.10953
              ],
              [
                16.850486,
                48.109528
              ],
              [
                16.850487,
                48.109527
              ],
              [
                16.85049,
                48.109526
              ],
              [
                16.850494,
                48.109524
              ],
              [
                16.850498,
                48.109522
              ],
              [
                16.850502,
                48.109521
              ],
              [
                16.850506,
                48.109519
              ],
              [
                16.850506,
                48.109519
              ],
              [
                16.850508,
                48.109518
              ],
              [
                16.850511,
                48.109517
              ],
              [
                16.850515,
                48.109516
              ],
              [
                16.850521,
                48.109513
              ],
              [
                16.850522,
                48.109513
              ],
              [
                16.850526,
                48.109511
              ],
              [
                16.85053,
                48.10951
              ],
              [
                16.850536,
                48.109508
              ],
              [
                16.850537,
                48.109508
              ],
              [
                16.850541,
                48.109506
              ],
              [
                16.850544,
                48.109505
              ],
              [
                16.850547,
                48.109504
              ],
              [
                16.850551,
                48.109503
              ],
              [
                16.850557,
                48.109501
              ],
              [
                16.850559,
                48.1095
              ],
              [
                16.850562,
                48.109499
              ],
              [
                16.850566,
                48.109498
              ],
              [
                16.850572,
                48.109496
              ],
              [
                16.850576,
                48.109495
              ],
              [
                16.850625,
                48.109481
              ],
              [
                16.850675,
                48.109471
              ],
              [
                16.850676,
                48.10947
              ],
              [
                16.850689,
                48.109468
              ],
              [
                16.850741,
                48.10946
              ],
              [
                16.850794,
                48.109455
              ],
              [
                16.850797,
                48.109455
              ],
              [
                16.850798,
                48.109455
              ],
              [
                16.850799,
                48.109455
              ],
              [
                16.850803,
                48.109455
              ],
              [
                16.850806,
                48.109455
              ],
              [
                16.850809,
                48.109454
              ],
              [
                16.850813,
                48.109454
              ],
              [
                16.850826,
                48.109454
              ],
              [
                16.850828,
                48.109454
              ],
              [
                16.850832,
                48.109453
              ],
              [
                16.850835,
                48.109453
              ],
              [
                16.850838,
                48.109453
              ],
              [
                16.850842,
                48.109453
              ],
              [
                16.850849,
                48.109453
              ],
              [
                16.850849,
                48.109453
              ],
              [
                16.850858,
                48.109453
              ],
              [
                16.850861,
                48.109453
              ],
              [
                16.850875,
                48.109453
              ],
              [
                16.850875,
                48.109453
              ],
              [
                16.850878,
                48.109453
              ],
              [
                16.850884,
                48.109453
              ],
              [
                16.85089,
                48.109453
              ],
              [
                16.850896,
                48.109453
              ],
              [
                16.850898,
                48.109453
              ],
              [
                16.850947,
                48.109456
              ],
              [
                16.851001,
                48.109461
              ],
              [
                16.851004,
                48.109461
              ],
              [
                16.851042,
                48.109467
              ],
              [
                16.85108,
                48.109474
              ],
              [
                16.851085,
                48.109475
              ],
              [
                16.8511,
                48.109478
              ],
              [
                16.851102,
                48.109479
              ],
              [
                16.851122,
                48.109483
              ],
              [
                16.851136,
                48.109487
              ],
              [
                16.851143,
                48.109489
              ],
              [
                16.851146,
                48.109489
              ],
              [
                16.85115,
                48.109491
              ],
              [
                16.851152,
                48.109491
              ],
              [
                16.851157,
                48.109493
              ],
              [
                16.851157,
                48.109493
              ],
              [
                16.851183,
                48.1095
              ],
              [
                16.851187,
                48.109502
              ],
              [
                16.85119,
                48.109503
              ],
              [
                16.851199,
                48.109505
              ],
              [
                16.851208,
                48.109508
              ],
              [
                16.851221,
                48.109513
              ],
              [
                16.85123,
                48.109516
              ],
              [
                16.851251,
                48.109524
              ],
              [
                16.851273,
                48.109533
              ],
              [
                16.851293,
                48.109542
              ],
              [
                16.851296,
                48.109543
              ],
              [
                16.851301,
                48.109545
              ],
              [
                16.851305,
                48.109547
              ],
              [
                16.851307,
                48.109548
              ],
              [
                16.85131,
                48.10955
              ],
              [
                16.851313,
                48.109551
              ],
              [
                16.851315,
                48.109552
              ],
              [
                16.851331,
                48.10956
              ],
              [
                16.851336,
                48.109563
              ],
              [
                16.851337,
                48.109563
              ],
              [
                16.851341,
                48.109565
              ],
              [
                16.851343,
                48.109566
              ],
              [
                16.851343,
                48.109566
              ],
              [
                16.851346,
                48.109568
              ],
              [
                16.851347,
                48.109568
              ],
              [
                16.851351,
                48.109571
              ],
              [
                16.851363,
                48.109577
              ],
              [
                16.851366,
                48.109579
              ],
              [
                16.851367,
                48.10958
              ],
              [
                16.85137,
                48.109581
              ],
              [
                16.851371,
                48.109582
              ],
              [
                16.851396,
                48.109597
              ],
              [
                16.851426,
                48.109616
              ],
              [
                16.851429,
                48.109618
              ],
              [
                16.851431,
                48.10962
              ],
              [
                16.851435,
                48.109622
              ],
              [
                16.851437,
                48.109624
              ],
              [
                16.851439,
                48.109625
              ],
              [
                16.851441,
                48.109627
              ],
              [
                16.851443,
                48.109629
              ],
              [
                16.851452,
                48.109635
              ],
              [
                16.851452,
                48.109635
              ],
              [
                16.851455,
                48.109637
              ],
              [
                16.851456,
                48.109638
              ],
              [
                16.851459,
                48.10964
              ],
              [
                16.851464,
                48.109644
              ],
              [
                16.851465,
                48.109645
              ],
              [
                16.851469,
                48.109648
              ],
              [
                16.851469,
                48.109648
              ],
              [
                16.851488,
                48.109664
              ],
              [
                16.851489,
                48.109665
              ],
              [
                16.85149,
                48.109665
              ],
              [
                16.851491,
                48.109666
              ],
              [
                16.851501,
                48.109675
              ],
              [
                16.851502,
                48.109676
              ],
              [
                16.851506,
                48.109679
              ],
              [
                16.851506,
                48.109679
              ],
              [
                16.851516,
                48.109688
              ],
              [
                16.851516,
                48.109689
              ],
              [
                16.851525,
                48.109698
              ],
              [
                16.851527,
                48.109699
              ],
              [
                16.851529,
                48.109701
              ],
              [
                16.85153,
                48.109702
              ],
              [
                16.851551,
                48.109724
              ],
              [
                16.85157,
                48.109746
              ],
              [
                16.851571,
                48.109747
              ],
              [
                16.851573,
                48.10975
              ],
              [
                16.851573,
                48.10975
              ],
              [
                16.851575,
                48.109753
              ],
              [
                16.851576,
                48.109753
              ],
              [
                16.851578,
                48.109756
              ],
              [
                16.851578,
                48.109757
              ],
              [
                16.85158,
                48.109759
              ],
              [
                16.851581,
                48.10976
              ],
              [
                16.851583,
                48.109762
              ],
              [
                16.851584,
                48.109763
              ],
              [
                16.851585,
                48.109765
              ],
              [
                16.851586,
                48.109767
              ],
              [
                16.851587,
                48.109768
              ],
              [
                16.851589,
                48.10977
              ],
              [
                16.85159,
                48.109772
              ],
              [
                16.851592,
                48.109775
              ],
              [
                16.851592,
                48.109775
              ],
              [
                16.851595,
                48.109779
              ],
              [
                16.851598,
                48.109783
              ],
              [
                16.851598,
                48.109783
              ],
              [
                16.851604,
                48.109792
              ],
              [
                16.851605,
                48.109793
              ],
              [
                16.851606,
                48.109795
              ],
              [
                16.851607,
                48.109796
              ],
              [
                16.851608,
                48.109798
              ],
              [
                16.85161,
                48.1098
              ],
              [
                16.85161,
                48.1098
              ],
              [
                16.851611,
                48.109801
              ],
              [
                16.851612,
                48.109804
              ],
              [
                16.851613,
                48.109805
              ],
              [
                16.851618,
                48.109814
              ],
              [
                16.851619,
                48.109815
              ],
              [
                16.851624,
                48.109824
              ],
              [
                16.851625,
                48.109825
              ],
              [
                16.851627,
                48.109829
              ],
              [
                16.851628,
                48.10983
              ],
              [
                16.851645,
                48.109864
              ],
              [
                16.851645,
                48.109864
              ],
              [
                16.851654,
                48.109884
              ],
              [
                16.851661,
                48.109903
              ],
              [
                16.851662,
                48.109906
              ],
              [
                16.851665,
                48.109913
              ],
              [
                16.851665,
                48.109913
              ],
              [
                16.851666,
                48.109916
              ],
              [
                16.851666,
                48.109917
              ],
              [
                16.851672,
                48.109935
              ],
              [
                16.851673,
                48.109939
              ],
              [
                16.851673,
                48.109939
              ],
              [
                16.851674,
                48.109943
              ],
              [
                16.851674,
                48.109945
              ],
              [
                16.851675,
                48.109947
              ],
              [
                16.851675,
                48.109948
              ],
              [
                16.851675,
                48.109949
              ],
              [
                16.851679,
                48.109963
              ],
              [
                16.851679,
                48.109963
              ],
              [
                16.851682,
                48.109979
              ],
              [
                16.851682,
                48.109979
              ],
              [
                16.851683,
                48.109989
              ],
              [
                16.851684,
                48.109992
              ],
              [
                16.851685,
                48.109998
              ],
              [
                16.851685,
                48.110002
              ],
              [
                16.851686,
                48.110015
              ],
              [
                16.851687,
                48.110017
              ],
              [
                16.851687,
                48.110019
              ],
              [
                16.851687,
                48.110022
              ],
              [
                16.851687,
                48.110023
              ],
              [
                16.851687,
                48.110027
              ],
              [
                16.851688,
                48.110037
              ],
              [
                16.851688,
                48.11004
              ],
              [
                16.851688,
                48.110042
              ],
              [
                16.851688,
                48.110046
              ],
              [
                16.851688,
                48.110047
              ],
              [
                16.851688,
                48.110051
              ],
              [
                16.851688,
                48.110052
              ],
              [
                16.851688,
                48.110063
              ],
              [
                16.851688,
                48.110067
              ],
              [
                16.851688,
                48.110068
              ],
              [
                16.851688,
                48.110072
              ],
              [
                16.851687,
                48.110074
              ],
              [
                16.851687,
                48.110077
              ],
              [
                16.851687,
                48.11008
              ],
              [
                16.851687,
                48.110086
              ],
              [
                16.851687,
                48.110086
              ],
              [
                16.851686,
                48.110091
              ],
              [
                16.851686,
                48.110091
              ],
              [
                16.851686,
                48.110097
              ],
              [
                16.851685,
                48.110101
              ],
              [
                16.851685,
                48.110102
              ],
              [
                16.851685,
                48.110106
              ],
              [
                16.851684,
                48.110108
              ],
              [
                16.851684,
                48.110111
              ],
              [
                16.851684,
                48.110114
              ],
              [
                16.851683,
                48.110116
              ],
              [
                16.851683,
                48.110117
              ],
              [
                16.851683,
                48.11012
              ],
              [
                16.851681,
                48.110131
              ],
              [
                16.851716,
                48.110163
              ],
              [
                16.851734,
                48.11018
              ],
              [
                16.851831,
                48.110242
              ],
              [
                16.852637,
                48.110759
              ],
              [
                16.852653,
                48.110774
              ],
              [
                16.852766,
                48.110928
              ],
              [
                16.852857,
                48.111062
              ],
              [
                16.85281,
                48.111075
              ],
              [
                16.85281,
                48.111075
              ]
            ]
          ],
          [
            [
              [
                16.851539,
                48.110384
              ],
              [
                16.851539,
                48.110384
              ],
              [
                16.851547,
                48.110376
              ],
              [
                16.851539,
                48.110384
              ]
            ]
          ]
        ]
      }
    },
    {
      "type": "Feature",
      "properties": {
        "OBJECTID": 36,
        "type": "oeffentlich",
        "type_en": "Public / Civic"
      },
      "geometry": {
        "type": "Polygon",
        "coordinates": [
          [
            [
              16.850849,
              48.109453
            ],
            [
              16.850842,
              48.109453
            ],
            [
              16.850838,
              48.109453
            ],
            [
              16.850835,
              48.109453
            ],
            [
              16.850832,
              48.109453
            ],
            [
              16.850828,
              48.109454
            ],
            [
              16.850826,
              48.109454
            ],
            [
              16.850813,
              48.109454
            ],
            [
              16.850809,
              48.109454
            ],
            [
              16.850806,
              48.109455
            ],
            [
              16.850803,
              48.109455
            ],
            [
              16.850799,
              48.109455
            ],
            [
              16.850798,
              48.109455
            ],
            [
              16.850797,
              48.109455
            ],
            [
              16.850794,
              48.109455
            ],
            [
              16.850741,
              48.10946
            ],
            [
              16.850689,
              48.109468
            ],
            [
              16.850676,
              48.10947
            ],
            [
              16.850675,
              48.109471
            ],
            [
              16.850625,
              48.109481
            ],
            [
              16.850576,
              48.109495
            ],
            [
              16.850572,
              48.109496
            ],
            [
              16.850566,
              48.109498
            ],
            [
              16.850562,
              48.109499
            ],
            [
              16.850559,
              48.1095
            ],
            [
              16.850557,
              48.109501
            ],
            [
              16.850551,
              48.109503
            ],
            [
              16.850547,
              48.109504
            ],
            [
              16.850544,
              48.109505
            ],
            [
              16.850541,
              48.109506
            ],
            [
              16.850537,
              48.109508
            ],
            [
              16.850536,
              48.109508
            ],
            [
              16.85053,
              48.10951
            ],
            [
              16.850526,
              48.109511
            ],
            [
              16.850522,
              48.109513
            ],
            [
              16.850521,
              48.109513
            ],
            [
              16.850515,
              48.109516
            ],
            [
              16.850511,
              48.109517
            ],
            [
              16.850508,
              48.109518
            ],
            [
              16.850506,
              48.109519
            ],
            [
              16.850506,
              48.109519
            ],
            [
              16.850502,
              48.109521
            ],
            [
              16.850498,
              48.109522
            ],
            [
              16.850494,
              48.109524
            ],
            [
              16.85049,
              48.109526
            ],
            [
              16.850487,
              48.109527
            ],
            [
              16.850486,
              48.109528
            ],
            [
              16.85048,
              48.10953
            ],
            [
              16.850478,
              48.109531
            ],
            [
              16.850475,
              48.109532
            ],
            [
              16.850472,
              48.109534
            ],
            [
              16.850468,
              48.109535
            ],
            [
              16.850466,
              48.109536
            ],
            [
              16.850461,
              48.109539
            ],
            [
              16.850456,
              48.109541
            ],
            [
              16.850454,
              48.109542
            ],
            [
              16.85045,
              48.109544
            ],
            [
              16.850447,
              48.109545
            ],
            [
              16.850445,
              48.109546
            ],
            [
              16.850441,
              48.109548
            ],
            [
              16.850437,
              48.10955
            ],
            [
              16.850434,
              48.109552
            ],
            [
              16.850433,
              48.109552
            ],
            [
              16.850427,
              48.109555
            ],
            [
              16.850425,
              48.109556
            ],
            [
              16.850421,
              48.109559
            ],
            [
              16.850417,
              48.109561
            ],
            [
              16.850414,
              48.109562
            ],
            [
              16.850413,
              48.109563
            ],
            [
              16.850408,
              48.109566
            ],
            [
              16.850406,
              48.109567
            ],
            [
              16.850402,
              48.109569
            ],
            [
              16.850398,
              48.109571
            ],
            [
              16.850395,
              48.109573
            ],
            [
              16.850394,
              48.109574
            ],
            [
              16.850389,
              48.109577
            ],
            [
              16.850388,
              48.109577
            ],
            [
              16.850386,
              48.109578
            ],
            [
              16.850349,
              48.109603
            ],
            [
              16.850314,
              48.109629
            ],
            [
              16.850314,
              48.109629
            ],
            [
              16.850304,
              48.109637
            ],
            [
              16.850304,
              48.109637
            ],
            [
              16.850281,
              48.109657
            ],
            [
              16.850259,
              48.109678
            ],
            [
              16.850258,
              48.109679
            ],
            [
              16.850244,
              48.109694
            ],
            [
              16.85024,
              48.109698
            ],
            [
              16.850234,
              48.109705
            ],
            [
              16.850233,
              48.109706
            ],
            [
              16.850224,
              48.109717
            ],
            [
              16.850221,
              48.10972
            ],
            [
              16.850221,
              48.109721
            ],
            [
              16.850214,
              48.10973
            ],
            [
              16.850213,
              48.109731
            ],
            [
              16.850193,
              48.10976
            ],
            [
              16.850181,
              48.109778
            ],
            [
              16.85018,
              48.109781
            ],
            [
              16.850168,
              48.109802
            ],
            [
              16.850158,
              48.109824
            ],
            [
              16.850155,
              48.10983
            ],
            [
              16.850145,
              48.109853
            ],
            [
              16.850137,
              48.109877
            ],
            [
              16.850137,
              48.109879
            ],
            [
              16.850136,
              48.109881
            ],
            [
              16.850136,
              48.109882
            ],
            [
              16.850135,
              48.109884
            ],
            [
              16.850134,
              48.109887
            ],
            [
              16.850133,
              48.109891
            ],
            [
              16.850132,
              48.109897
            ],
            [
              16.850132,
              48.109897
            ],
            [
              16.850131,
              48.109899
            ],
            [
              16.850129,
              48.109906
            ],
            [
              16.850129,
              48.109908
            ],
            [
              16.850128,
              48.109914
            ],
            [
              16.850128,
              48.109914
            ],
            [
              16.850127,
              48.10992
            ],
            [
              16.850126,
              48.109921
            ],
            [
              16.850125,
              48.109929
            ],
            [
              16.850124,
              48.109932
            ],
            [
              16.850121,
              48.109956
            ],
            [
              16.850119,
              48.10998
            ],
            [
              16.850119,
              48.109988
            ],
            [
              16.850119,
              48.110008
            ],
            [
              16.85012,
              48.110029
            ],
            [
              16.85012,
              48.110033
            ],
            [
              16.850122,
              48.110055
            ],
            [
              16.850126,
              48.110077
            ],
            [
              16.850126,
              48.110081
            ],
            [
              16.850127,
              48.110086
            ],
            [
              16.850128,
              48.11009
            ],
            [
              16.850133,
              48.110112
            ],
            [
              16.85014,
              48.110133
            ],
            [
              16.850142,
              48.110139
            ],
            [
              16.850145,
              48.11015
            ],
            [
              16.850158,
              48.110182
            ],
            [
              16.850161,
              48.110188
            ],
            [
              16.850172,
              48.11021
            ],
            [
              16.850185,
              48.110233
            ],
            [
              16.850192,
              48.110245
            ],
            [
              16.850192,
              48.110245
            ],
            [
              16.850206,
              48.110266
            ],
            [
              16.850221,
              48.110287
            ],
            [
              16.850226,
              48.110293
            ],
            [
              16.850244,
              48.110315
            ],
            [
              16.850264,
              48.110337
            ],
            [
              16.850276,
              48.11035
            ],
            [
              16.850277,
              48.110351
            ],
            [
              16.850299,
              48.110372
            ],
            [
              16.850322,
              48.110392
            ],
            [
              16.850343,
              48.110409
            ],
            [
              16.850343,
              48.110409
            ],
            [
              16.850351,
              48.110415
            ],
            [
              16.850383,
              48.110438
            ],
            [
              16.850416,
              48.110459
            ],
            [
              16.850447,
              48.110477
            ],
            [
              16.850478,
              48.110494
            ],
            [
              16.850478,
              48.110494
            ],
            [
              16.850511,
              48.11051
            ],
            [
              16.850537,
              48.110521
            ],
            [
              16.850563,
              48.110531
            ],
            [
              16.850598,
              48.110544
            ],
            [
              16.850634,
              48.110556
            ],
            [
              16.850649,
              48.11056
            ],
            [
              16.850675,
              48.110567
            ],
            [
              16.850713,
              48.110576
            ],
            [
              16.850713,
              48.110576
            ],
            [
              16.850713,
              48.110576
            ],
            [
              16.850761,
              48.110585
            ],
            [
              16.850808,
              48.110592
            ],
            [
              16.850857,
              48.110597
            ],
            [
              16.850905,
              48.1106
            ],
            [
              16.850953,
              48.1106
            ],
            [
              16.850956,
              48.1106
            ],
            [
              16.851001,
              48.110598
            ],
            [
              16.851052,
              48.110594
            ],
            [
              16.851059,
              48.110593
            ],
            [
              16.851109,
              48.110586
            ],
            [
              16.851157,
              48.110577
            ],
            [
              16.851205,
              48.110566
            ],
            [
              16.851251,
              48.110552
            ],
            [
              16.851296,
              48.110535
            ],
            [
              16.85134,
              48.110517
            ],
            [
              16.851382,
              48.110496
            ],
            [
              16.851422,
              48.110474
            ],
            [
              16.85146,
              48.110449
            ],
            [
              16.851495,
              48.110423
            ],
            [
              16.851528,
              48.110394
            ],
            [
              16.851529,
              48.110393
            ],
            [
              16.851547,
              48.110376
            ],
            [
              16.851564,
              48.110357
            ],
            [
              16.851567,
              48.110354
            ],
            [
              16.851591,
              48.110325
            ],
            [
              16.851613,
              48.110295
            ],
            [
              16.851632,
              48.110264
            ],
            [
              16.851648,
              48.110232
            ],
            [
              16.851662,
              48.110199
            ],
            [
              16.851663,
              48.110195
            ],
            [
              16.851669,
              48.110178
            ],
            [
              16.85167,
              48.110176
            ],
            [
              16.851676,
              48.110153
            ],
            [
              16.851681,
              48.110131
            ],
            [
              16.851683,
              48.11012
            ],
            [
              16.851683,
              48.110117
            ],
            [
              16.851683,
              48.110116
            ],
            [
              16.851684,
              48.110114
            ],
            [
              16.851684,
              48.110111
            ],
            [
              16.851684,
              48.110108
            ],
            [
              16.851685,
              48.110106
            ],
            [
              16.851685,
              48.110102
            ],
            [
              16.851685,
              48.110101
            ],
            [
              16.851686,
              48.110097
            ],
            [
              16.851686,
              48.110091
            ],
            [
              16.851686,
              48.110091
            ],
            [
              16.851687,
              48.110086
            ],
            [
              16.851687,
              48.110086
            ],
            [
              16.851687,
              48.11008
            ],
            [
              16.851687,
              48.110077
            ],
            [
              16.851687,
              48.110074
            ],
            [
              16.851688,
              48.110072
            ],
            [
              16.851688,
              48.110068
            ],
            [
              16.851688,
              48.110067
            ],
            [
              16.851688,
              48.110063
            ],
            [
              16.851688,
              48.110052
            ],
            [
              16.851688,
              48.110051
            ],
            [
              16.851688,
              48.110047
            ],
            [
              16.851688,
              48.110046
            ],
            [
              16.851688,
              48.110042
            ],
            [
              16.851688,
              48.11004
            ],
            [
              16.851688,
              48.110037
            ],
            [
              16.851687,
              48.110027
            ],
            [
              16.851687,
              48.110023
            ],
            [
              16.851687,
              48.110022
            ],
            [
              16.851687,
              48.110019
            ],
            [
              16.851687,
              48.110017
            ],
            [
              16.851686,
              48.110015
            ],
            [
              16.851685,
              48.110002
            ],
            [
              16.851685,
              48.109998
            ],
            [
              16.851684,
              48.109992
            ],
            [
              16.851683,
              48.109989
            ],
            [
              16.851682,
              48.109979
            ],
            [
              16.851682,
              48.109979
            ],
            [
              16.851679,
              48.109963
            ],
            [
              16.851679,
              48.109963
            ],
            [
              16.851675,
              48.109949
            ],
            [
              16.851675,
              48.109948
            ],
            [
              16.851675,
              48.109947
            ],
            [
              16.851674,
              48.109945
            ],
            [
              16.851674,
              48.109943
            ],
            [
              16.851673,
              48.109939
            ],
            [
              16.851673,
              48.109939
            ],
            [
              16.851672,
              48.109935
            ],
            [
              16.851666,
              48.109917
            ],
            [
              16.851666,
              48.109916
            ],
            [
              16.851665,
              48.109913
            ],
            [
              16.851665,
              48.109913
            ],
            [
              16.851662,
              48.109906
            ],
            [
              16.851661,
              48.109903
            ],
            [
              16.851654,
              48.109884
            ],
            [
              16.851645,
              48.109864
            ],
            [
              16.851645,
              48.109864
            ],
            [
              16.851628,
              48.10983
            ],
            [
              16.851627,
              48.109829
            ],
            [
              16.851625,
              48.109825
            ],
            [
              16.851624,
              48.109824
            ],
            [
              16.851619,
              48.109815
            ],
            [
              16.851618,
              48.109814
            ],
            [
              16.851613,
              48.109805
            ],
            [
              16.851612,
              48.109804
            ],
            [
              16.851611,
              48.109801
            ],
            [
              16.85161,
              48.1098
            ],
            [
              16.85161,
              48.1098
            ],
            [
              16.851608,
              48.109798
            ],
            [
              16.851607,
              48.109796
            ],
            [
              16.851606,
              48.109795
            ],
            [
              16.851605,
              48.109793
            ],
            [
              16.851604,
              48.109792
            ],
            [
              16.851598,
              48.109783
            ],
            [
              16.851598,
              48.109783
            ],
            [
              16.851595,
              48.109779
            ],
            [
              16.851592,
              48.109775
            ],
            [
              16.851592,
              48.109775
            ],
            [
              16.85159,
              48.109772
            ],
            [
              16.851589,
              48.10977
            ],
            [
              16.851587,
              48.109768
            ],
            [
              16.851586,
              48.109767
            ],
            [
              16.851585,
              48.109765
            ],
            [
              16.851584,
              48.109763
            ],
            [
              16.851583,
              48.109762
            ],
            [
              16.851581,
              48.10976
            ],
            [
              16.85158,
              48.109759
            ],
            [
              16.851578,
              48.109757
            ],
            [
              16.851578,
              48.109756
            ],
            [
              16.851576,
              48.109753
            ],
            [
              16.851575,
              48.109753
            ],
            [
              16.851573,
              48.10975
            ],
            [
              16.851573,
              48.10975
            ],
            [
              16.851571,
              48.109747
            ],
            [
              16.85157,
              48.109746
            ],
            [
              16.851551,
              48.109724
            ],
            [
              16.85153,
              48.109702
            ],
            [
              16.851529,
              48.109701
            ],
            [
              16.851527,
              48.109699
            ],
            [
              16.851525,
              48.109698
            ],
            [
              16.851516,
              48.109689
            ],
            [
              16.851516,
              48.109688
            ],
            [
              16.851506,
              48.109679
            ],
            [
              16.851506,
              48.109679
            ],
            [
              16.851502,
              48.109676
            ],
            [
              16.851501,
              48.109675
            ],
            [
              16.851491,
              48.109666
            ],
            [
              16.85149,
              48.109665
            ],
            [
              16.851489,
              48.109665
            ],
            [
              16.851488,
              48.109664
            ],
            [
              16.851469,
              48.109648
            ],
            [
              16.851469,
              48.109648
            ],
            [
              16.851465,
              48.109645
            ],
            [
              16.851464,
              48.109644
            ],
            [
              16.851459,
              48.10964
            ],
            [
              16.851456,
              48.109638
            ],
            [
              16.851455,
              48.109637
            ],
            [
              16.851452,
              48.109635
            ],
            [
              16.851452,
              48.109635
            ],
            [
              16.851443,
              48.109629
            ],
            [
              16.851441,
              48.109627
            ],
            [
              16.851439,
              48.109625
            ],
            [
              16.851437,
              48.109624
            ],
            [
              16.851435,
              48.109622
            ],
            [
              16.851431,
              48.10962
            ],
            [
              16.851429,
              48.109618
            ],
            [
              16.851426,
              48.109616
            ],
            [
              16.851396,
              48.109597
            ],
            [
              16.851371,
              48.109582
            ],
            [
              16.85137,
              48.109581
            ],
            [
              16.851367,
              48.10958
            ],
            [
              16.851366,
              48.109579
            ],
            [
              16.851363,
              48.109577
            ],
            [
              16.851351,
              48.109571
            ],
            [
              16.851347,
              48.109568
            ],
            [
              16.851346,
              48.109568
            ],
            [
              16.851343,
              48.109566
            ],
            [
              16.851343,
              48.109566
            ],
            [
              16.851341,
              48.109565
            ],
            [
              16.851337,
              48.109563
            ],
            [
              16.851336,
              48.109563
            ],
            [
              16.851331,
              48.10956
            ],
            [
              16.851315,
              48.109552
            ],
            [
              16.851313,
              48.109551
            ],
            [
              16.85131,
              48.10955
            ],
            [
              16.851307,
              48.109548
            ],
            [
              16.851305,
              48.109547
            ],
            [
              16.851301,
              48.109545
            ],
            [
              16.851296,
              48.109543
            ],
            [
              16.851293,
              48.109542
            ],
            [
              16.851273,
              48.109533
            ],
            [
              16.851251,
              48.109524
            ],
            [
              16.85123,
              48.109516
            ],
            [
              16.851221,
              48.109513
            ],
            [
              16.851208,
              48.109508
            ],
            [
              16.851199,
              48.109505
            ],
            [
              16.85119,
              48.109503
            ],
            [
              16.851187,
              48.109502
            ],
            [
              16.851183,
              48.1095
            ],
            [
              16.851157,
              48.109493
            ],
            [
              16.851157,
              48.109493
            ],
            [
              16.851152,
              48.109491
            ],
            [
              16.85115,
              48.109491
            ],
            [
              16.851146,
              48.109489
            ],
            [
              16.851143,
              48.109489
            ],
            [
              16.851136,
              48.109487
            ],
            [
              16.851122,
              48.109483
            ],
            [
              16.851102,
              48.109479
            ],
            [
              16.8511,
              48.109478
            ],
            [
              16.851085,
              48.109475
            ],
            [
              16.85108,
              48.109474
            ],
            [
              16.851042,
              48.109467
            ],
            [
              16.851004,
              48.109461
            ],
            [
              16.851001,
              48.109461
            ],
            [
              16.850947,
              48.109456
            ],
            [
              16.850898,
              48.109453
            ],
            [
              16.850896,
              48.109453
            ],
            [
              16.85089,
              48.109453
            ],
            [
              16.850884,
              48.109453
            ],
            [
              16.850878,
              48.109453
            ],
            [
              16.850875,
              48.109453
            ],
            [
              16.850875,
              48.109453
            ],
            [
              16.850861,
              48.109453
            ],
            [
              16.850858,
              48.109453
            ],
            [
              16.850849,
              48.109453
            ],
            [
              16.850849,
              48.109453
            ]
          ]
        ]
      }
    },
    {
      "type": "Feature",
      "properties": {
        "OBJECTID": 17,
        "type": "Graeberfeld",
        "type_en": "Necropolis"
      },
      "geometry": {
        "type": "Polygon",
        "coordinates": [
          [
            [
              16.870221,
              48.103724
            ],
            [
              16.870288,
              48.103577
            ],
            [
              16.870364,
              48.103543
            ],
            [
              16.870292,
              48.103475
            ],
            [
              16.86974,
              48.103644
            ],
            [
              16.869544,
              48.103406
            ],
            [
              16.86947,
              48.103424
            ],
            [
              16.86947,
              48.103424
            ],
            [
              16.868855,
              48.10268
            ],
            [
              16.868931,
              48.102652
            ],
            [
              16.868729,
              48.102409
            ],
            [
              16.868653,
              48.102432
            ],
            [
              16.868375,
              48.102102
            ],
            [
              16.868307,
              48.101862
            ],
            [
              16.868249,
              48.101751
            ],
            [
              16.868204,
              48.101709
            ],
            [
              16.868218,
              48.101703
            ],
            [
              16.868127,
              48.101585
            ],
            [
              16.868083,
              48.101599
            ],
            [
              16.867953,
              48.101479
            ],
            [
              16.867472,
              48.101555
            ],
            [
              16.867302,
              48.101391
            ],
            [
              16.867058,
              48.101154
            ],
            [
              16.867028,
              48.101124
            ],
            [
              16.866417,
              48.100508
            ],
            [
              16.866366,
              48.100457
            ],
            [
              16.866345,
              48.100434
            ],
            [
              16.866264,
              48.100344
            ],
            [
              16.866098,
              48.100161
            ],
            [
              16.865951,
              48.100005
            ],
            [
              16.865795,
              48.099843
            ],
            [
              16.865692,
              48.099739
            ],
            [
              16.865633,
              48.099676
            ],
            [
              16.865605,
              48.099647
            ],
            [
              16.86556,
              48.0996
            ],
            [
              16.865454,
              48.09949
            ],
            [
              16.865325,
              48.099357
            ],
            [
              16.865218,
              48.099239
            ],
            [
              16.865133,
              48.099146
            ],
            [
              16.865005,
              48.099007
            ],
            [
              16.864927,
              48.098922
            ],
            [
              16.8649,
              48.098892
            ],
            [
              16.864867,
              48.098856
            ],
            [
              16.864837,
              48.098823
            ],
            [
              16.864827,
              48.098812
            ],
            [
              16.864667,
              48.098967
            ],
            [
              16.864669,
              48.09897
            ],
            [
              16.864818,
              48.099115
            ],
            [
              16.864889,
              48.099185
            ],
            [
              16.864957,
              48.099251
            ],
            [
              16.864394,
              48.099559
            ],
            [
              16.864458,
              48.099618
            ],
            [
              16.864423,
              48.099669
            ],
            [
              16.864413,
              48.099726
            ],
            [
              16.864393,
              48.099789
            ],
            [
              16.864326,
              48.099836
            ],
            [
              16.864237,
              48.099872
            ],
            [
              16.864142,
              48.099921
            ],
            [
              16.864083,
              48.099962
            ],
            [
              16.864097,
              48.100023
            ],
            [
              16.864151,
              48.100087
            ],
            [
              16.864278,
              48.100071
            ],
            [
              16.864404,
              48.10002
            ],
            [
              16.864597,
              48.100013
            ],
            [
              16.864721,
              48.09999
            ],
            [
              16.864803,
              48.099962
            ],
            [
              16.865427,
              48.100586
            ],
            [
              16.865387,
              48.100593
            ],
            [
              16.865335,
              48.100578
            ],
            [
              16.865287,
              48.100539
            ],
            [
              16.864998,
              48.100683
            ],
            [
              16.865025,
              48.100725
            ],
            [
              16.865064,
              48.10075
            ],
            [
              16.865118,
              48.100809
            ],
            [
              16.86547,
              48.100628
            ],
            [
              16.867695,
              48.102851
            ],
            [
              16.867695,
              48.102851
            ],
            [
              16.867705,
              48.10286
            ],
            [
              16.867902,
              48.103057
            ],
            [
              16.869126,
              48.104199
            ],
            [
              16.869126,
              48.104199
            ],
            [
              16.869257,
              48.104326
            ],
            [
              16.869355,
              48.104463
            ],
            [
              16.869275,
              48.104494
            ],
            [
              16.869267,
              48.104527
            ],
            [
              16.869562,
              48.104738
            ],
            [
              16.869626,
              48.104808
            ],
            [
              16.87122,
              48.106543
            ],
            [
              16.872002,
              48.10752
            ],
            [
              16.871924,
              48.107553
            ],
            [
              16.872606,
              48.108431
            ],
            [
              16.872717,
              48.108415
            ],
            [
              16.872777,
              48.108397
            ],
            [
              16.873017,
              48.108728
            ],
            [
              16.87312,
              48.108717
            ],
            [
              16.873535,
              48.109191
            ],
            [
              16.873624,
              48.109158
            ],
            [
              16.873624,
              48.109158
            ],
            [
              16.874226,
              48.109814
            ],
            [
              16.875716,
              48.111463
            ],
            [
              16.876776,
              48.112769
            ],
            [
              16.877028,
              48.112978
            ],
            [
              16.877169,
              48.113072
            ],
            [
              16.877825,
              48.113768
            ],
            [
              16.87819,
              48.114117
            ],
            [
              16.878226,
              48.114152
            ],
            [
              16.881035,
              48.116845
            ],
            [
              16.881736,
              48.117489
            ],
            [
              16.882298,
              48.117858
            ],
            [
              16.88242,
              48.117973
            ],
            [
              16.882623,
              48.118097
            ],
            [
              16.882914,
              48.11817
            ],
            [
              16.883007,
              48.118265
            ],
            [
              16.884309,
              48.119477
            ],
            [
              16.884883,
              48.120012
            ],
            [
              16.885108,
              48.120221
            ],
            [
              16.885216,
              48.120322
            ],
            [
              16.885542,
              48.120625
            ],
            [
              16.88612,
              48.121533
            ],
            [
              16.886125,
              48.12154
            ],
            [
              16.887,
              48.122916
            ],
            [
              16.887162,
              48.123165
            ],
            [
              16.88729,
              48.123022
            ],
            [
              16.887094,
              48.122702
            ],
            [
              16.8869,
              48.122387
            ],
            [
              16.886613,
              48.121917
            ],
            [
              16.886355,
              48.121499
            ],
            [
              16.886116,
              48.121106
            ],
            [
              16.886029,
              48.120963
            ],
            [
              16.886058,
              48.120956
            ],
            [
              16.885905,
              48.120655
            ],
            [
              16.886006,
              48.12058
            ],
            [
              16.886017,
              48.120553
            ],
            [
              16.886008,
              48.120507
            ],
            [
              16.885968,
              48.120428
            ],
            [
              16.885786,
              48.12037
            ],
            [
              16.885612,
              48.120019
            ],
            [
              16.885556,
              48.119944
            ],
            [
              16.885549,
              48.119915
            ],
            [
              16.885506,
              48.119851
            ],
            [
              16.885465,
              48.119791
            ],
            [
              16.885432,
              48.119768
            ],
            [
              16.88537,
              48.119738
            ],
            [
              16.885292,
              48.119727
            ],
            [
              16.885216,
              48.119692
            ],
            [
              16.884842,
              48.119292
            ],
            [
              16.884801,
              48.119305
            ],
            [
              16.884728,
              48.119235
            ],
            [
              16.88427,
              48.118761
            ],
            [
              16.884374,
              48.118698
            ],
            [
              16.884144,
              48.118466
            ],
            [
              16.884031,
              48.118513
            ],
            [
              16.882863,
              48.117301
            ],
            [
              16.882633,
              48.117078
            ],
            [
              16.882679,
              48.117052
            ],
            [
              16.882446,
              48.116831
            ],
            [
              16.882395,
              48.116848
            ],
            [
              16.882092,
              48.116555
            ],
            [
              16.882134,
              48.116537
            ],
            [
              16.881871,
              48.116277
            ],
            [
              16.882091,
              48.11615
            ],
            [
              16.881779,
              48.115641
            ],
            [
              16.88176,
              48.115552
            ],
            [
              16.881756,
              48.115434
            ],
            [
              16.881752,
              48.115338
            ],
            [
              16.881557,
              48.115111
            ],
            [
              16.881335,
              48.115026
            ],
            [
              16.881145,
              48.114929
            ],
            [
              16.881044,
              48.114802
            ],
            [
              16.880751,
              48.114524
            ],
            [
              16.880519,
              48.1143
            ],
            [
              16.880342,
              48.114113
            ],
            [
              16.880276,
              48.11405
            ],
            [
              16.880087,
              48.113843
            ],
            [
              16.879568,
              48.113278
            ],
            [
              16.878966,
              48.113524
            ],
            [
              16.878838,
              48.113401
            ],
            [
              16.877228,
              48.11172
            ],
            [
              16.877256,
              48.111322
            ],
            [
              16.877206,
              48.111032
            ],
            [
              16.877078,
              48.110867
            ],
            [
              16.877016,
              48.110883
            ],
            [
              16.876776,
              48.110746
            ],
            [
              16.876389,
              48.110853
            ],
            [
              16.875715,
              48.110046
            ],
            [
              16.872791,
              48.107057
            ],
            [
              16.872304,
              48.106507
            ],
            [
              16.872144,
              48.106261
            ],
            [
              16.871856,
              48.106002
            ],
            [
              16.871633,
              48.10572
            ],
            [
              16.870733,
              48.104818
            ],
            [
              16.869947,
              48.104035
            ],
            [
              16.869947,
              48.104035
            ],
            [
              16.870328,
              48.103842
            ],
            [
              16.870221,
              48.103724
            ]
          ]
        ]
      }
    },
    {
      "type": "Feature",
      "properties": {
        "OBJECTID": 79,
        "type": "Siedlung",
        "type_en": "Settlement"
      },
      "geometry": {
        "type": "Polygon",
        "coordinates": [
          [
            [
              16.883446,
              48.120901
            ],
            [
              16.884288,
              48.120239
            ],
            [
              16.884847,
              48.119978
            ],
            [
              16.884309,
              48.119477
            ],
            [
              16.883007,
              48.118265
            ],
            [
              16.882914,
              48.11817
            ],
            [
              16.882623,
              48.118097
            ],
            [
              16.88242,
              48.117973
            ],
            [
              16.882298,
              48.117858
            ],
            [
              16.881736,
              48.117489
            ],
            [
              16.88169,
              48.117446
            ],
            [
              16.880701,
              48.117166
            ],
            [
              16.879148,
              48.1167
            ],
            [
              16.877349,
              48.116289
            ],
            [
              16.876999,
              48.116283
            ],
            [
              16.876607,
              48.116301
            ],
            [
              16.876541,
              48.116337
            ],
            [
              16.877345,
              48.116806
            ],
            [
              16.877767,
              48.117077
            ],
            [
              16.878896,
              48.117771
            ],
            [
              16.87918,
              48.117949
            ],
            [
              16.879873,
              48.118372
            ],
            [
              16.880904,
              48.119032
            ],
            [
              16.881244,
              48.11927
            ],
            [
              16.881886,
              48.119702
            ],
            [
              16.882457,
              48.1202
            ],
            [
              16.882984,
              48.120621
            ],
            [
              16.883446,
              48.120901
            ]
          ]
        ]
      }
    },
    {
      "type": "Feature",
      "properties": {
        "OBJECTID": null,
        "type": "militaerisch",
        "type_en": "Military"
      },
      "geometry": {
        "type": "Polygon",
        "coordinates": [
          [
            [
              16.883387,
              48.121054
            ],
            [
              16.882706,
              48.121579
            ],
            [
              16.884497,
              48.122682
            ],
            [
              16.885245,
              48.122132
            ],
            [
              16.883387,
              48.121054
            ]
          ]
        ]
      }
    },
    {
      "type": "Feature",
      "properties": {
        "OBJECTID": null,
        "type": "Graeberfeld",
        "type_en": "Necropolis"
      },
      "geometry": {
        "type": "Polygon",
        "coordinates": [
          [
            [
              16.898213,
              48.129178
            ],
            [
              16.897822,
              48.129355
            ],
            [
              16.897733,
              48.12994
            ],
            [
              16.898634,
              48.130531
            ],
            [
              16.89914,
              48.130825
            ],
            [
              16.899452,
              48.130946
            ],
            [
              16.90014,
              48.131312
            ],
            [
              16.900746,
              48.131765
            ],
            [
              16.901093,
              48.131913
            ],
            [
              16.901412,
              48.132011
            ],
            [
              16.90186,
              48.132112
            ],
            [
              16.902049,
              48.132143
            ],
            [
              16.902092,
              48.132142
            ],
            [
              16.90225,
              48.132037
            ],
            [
              16.902363,
              48.131846
            ],
            [
              16.902311,
              48.131602
            ],
            [
              16.901992,
              48.131281
            ],
            [
              16.901788,
              48.131073
            ],
            [
              16.90154,
              48.130843
            ],
            [
              16.9013,
              48.13059
            ],
            [
              16.900952,
              48.130401
            ],
            [
              16.900609,
              48.130138
            ],
            [
              16.900163,
              48.129865
            ],
            [
              16.900137,
              48.129854
            ],
            [
              16.899634,
              48.129628
            ],
            [
              16.899434,
              48.12954
            ],
            [
              16.899092,
              48.129495
            ],
            [
              16.898213,
              48.129178
            ]
          ]
        ]
      }
    },
    {
      "type": "Feature",
      "properties": {
        "OBJECTID": null,
        "type": "oeffentlich",
        "type_en": "Public / Civic"
      },
      "geometry": {
        "type": "Polygon",
        "coordinates": [
          [
            [
              16.917947,
              48.133759
            ],
            [
              16.918412,
              48.13386
            ],
            [
              16.918924,
              48.13384
            ],
            [
              16.919236,
              48.133749
            ],
            [
              16.919505,
              48.133625
            ],
            [
              16.919767,
              48.13334
            ],
            [
              16.919904,
              48.133104
            ],
            [
              16.919768,
              48.1329
            ],
            [
              16.919741,
              48.132872
            ],
            [
              16.91949,
              48.132762
            ],
            [
              16.919208,
              48.132772
            ],
            [
              16.918639,
              48.132845
            ],
            [
              16.918157,
              48.132978
            ],
            [
              16.91789,
              48.133143
            ],
            [
              16.917777,
              48.133305
            ],
            [
              16.917689,
              48.133484
            ],
            [
              16.917815,
              48.133659
            ],
            [
              16.917947,
              48.133759
            ]
          ]
        ]
      }
    },
    {
      "type": "Feature",
      "properties": {
        "OBJECTID": 86,
        "type": "Graeberfeld",
        "type_en": "Necropolis"
      },
      "geometry": {
        "type": "Polygon",
        "coordinates": [
          [
            [
              16.899097,
              48.112864
            ],
            [
              16.899093,
              48.112864
            ],
            [
              16.899092,
              48.112861
            ],
            [
              16.899079,
              48.112861
            ],
            [
              16.899066,
              48.112858
            ],
            [
              16.899061,
              48.112858
            ],
            [
              16.899057,
              48.112858
            ],
            [
              16.899048,
              48.112856
            ],
            [
              16.899043,
              48.112856
            ],
            [
              16.89903,
              48.112856
            ],
            [
              16.899021,
              48.112856
            ],
            [
              16.899003,
              48.112853
            ],
            [
              16.89899,
              48.112854
            ],
            [
              16.898981,
              48.112854
            ],
            [
              16.898968,
              48.112854
            ],
            [
              16.898963,
              48.112851
            ],
            [
              16.898959,
              48.112851
            ],
            [
              16.898941,
              48.112851
            ],
            [
              16.898937,
              48.112851
            ],
            [
              16.898932,
              48.112852
            ],
            [
              16.898928,
              48.112852
            ],
            [
              16.898923,
              48.112852
            ],
            [
              16.898906,
              48.112855
            ],
            [
              16.898901,
              48.112855
            ],
            [
              16.898892,
              48.112855
            ],
            [
              16.898879,
              48.112858
            ],
            [
              16.898861,
              48.112862
            ],
            [
              16.898857,
              48.112862
            ],
            [
              16.898853,
              48.112862
            ],
            [
              16.898848,
              48.112862
            ],
            [
              16.898835,
              48.112862
            ],
            [
              16.89883,
              48.112862
            ],
            [
              16.898826,
              48.112862
            ],
            [
              16.898813,
              48.112862
            ],
            [
              16.898808,
              48.112863
            ],
            [
              16.89879,
              48.112863
            ],
            [
              16.898786,
              48.112863
            ],
            [
              16.898781,
              48.112863
            ],
            [
              16.898782,
              48.112866
            ],
            [
              16.898777,
              48.112866
            ],
            [
              16.898773,
              48.112866
            ],
            [
              16.898759,
              48.112866
            ],
            [
              16.898755,
              48.112866
            ],
            [
              16.898751,
              48.112869
            ],
            [
              16.898737,
              48.112873
            ],
            [
              16.898733,
              48.112876
            ],
            [
              16.898729,
              48.112876
            ],
            [
              16.898716,
              48.112882
            ],
            [
              16.898711,
              48.112885
            ],
            [
              16.898703,
              48.112894
            ],
            [
              16.898698,
              48.112897
            ],
            [
              16.898698,
              48.1129
            ],
            [
              16.89869,
              48.112912
            ],
            [
              16.898682,
              48.112924
            ],
            [
              16.898677,
              48.112927
            ],
            [
              16.898677,
              48.112933
            ],
            [
              16.898669,
              48.112942
            ],
            [
              16.898665,
              48.112945
            ],
            [
              16.898665,
              48.112948
            ],
            [
              16.898656,
              48.112957
            ],
            [
              16.898652,
              48.11296
            ],
            [
              16.898648,
              48.112969
            ],
            [
              16.898643,
              48.112972
            ],
            [
              16.898643,
              48.112975
            ],
            [
              16.898639,
              48.112981
            ],
            [
              16.898631,
              48.11299
            ],
            [
              16.898631,
              48.112993
            ],
            [
              16.898627,
              48.112999
            ],
            [
              16.898627,
              48.113005
            ],
            [
              16.898622,
              48.113008
            ],
            [
              16.898623,
              48.113014
            ],
            [
              16.898623,
              48.11302
            ],
            [
              16.898619,
              48.113023
            ],
            [
              16.898619,
              48.113032
            ],
            [
              16.898619,
              48.113035
            ],
            [
              16.898619,
              48.113038
            ],
            [
              16.898615,
              48.113044
            ],
            [
              16.898615,
              48.113047
            ],
            [
              16.898615,
              48.11305
            ],
            [
              16.898611,
              48.113059
            ],
            [
              16.898611,
              48.113062
            ],
            [
              16.898607,
              48.113071
            ],
            [
              16.898607,
              48.113077
            ],
            [
              16.898607,
              48.113083
            ],
            [
              16.898608,
              48.113086
            ],
            [
              16.898603,
              48.113095
            ],
            [
              16.898604,
              48.11311
            ],
            [
              16.8986,
              48.113113
            ],
            [
              16.8986,
              48.113116
            ],
            [
              16.8986,
              48.113119
            ],
            [
              16.898596,
              48.113131
            ],
            [
              16.898596,
              48.113134
            ],
            [
              16.898592,
              48.113146
            ],
            [
              16.898592,
              48.113155
            ],
            [
              16.898592,
              48.113158
            ],
            [
              16.898593,
              48.113167
            ],
            [
              16.898597,
              48.11317
            ],
            [
              16.898597,
              48.113175
            ],
            [
              16.898598,
              48.113187
            ],
            [
              16.898598,
              48.11319
            ],
            [
              16.898603,
              48.113193
            ],
            [
              16.898603,
              48.113196
            ],
            [
              16.898608,
              48.113208
            ],
            [
              16.898608,
              48.113211
            ],
            [
              16.898608,
              48.113214
            ],
            [
              16.898608,
              48.113217
            ],
            [
              16.898613,
              48.113229
            ],
            [
              16.898617,
              48.113229
            ],
            [
              16.898617,
              48.113232
            ],
            [
              16.898618,
              48.113238
            ],
            [
              16.898622,
              48.113244
            ],
            [
              16.898622,
              48.113246
            ],
            [
              16.898622,
              48.113249
            ],
            [
              16.898623,
              48.113252
            ],
            [
              16.898627,
              48.113261
            ],
            [
              16.898628,
              48.11327
            ],
            [
              16.898628,
              48.113273
            ],
            [
              16.898628,
              48.113282
            ],
            [
              16.898628,
              48.113291
            ],
            [
              16.898633,
              48.113294
            ],
            [
              16.898633,
              48.113297
            ],
            [
              16.898642,
              48.113306
            ],
            [
              16.898642,
              48.113309
            ],
            [
              16.898647,
              48.113309
            ],
            [
              16.898647,
              48.113312
            ],
            [
              16.898651,
              48.113314
            ],
            [
              16.898652,
              48.113317
            ],
            [
              16.898656,
              48.113323
            ],
            [
              16.898661,
              48.113326
            ],
            [
              16.898661,
              48.113329
            ],
            [
              16.89867,
              48.113338
            ],
            [
              16.898675,
              48.113344
            ],
            [
              16.898679,
              48.113347
            ],
            [
              16.898679,
              48.11335
            ],
            [
              16.898684,
              48.11335
            ],
            [
              16.898689,
              48.113356
            ],
            [
              16.898693,
              48.113355
            ],
            [
              16.898698,
              48.113361
            ],
            [
              16.898711,
              48.113367
            ],
            [
              16.89872,
              48.11337
            ],
            [
              16.898734,
              48.113379
            ],
            [
              16.898738,
              48.113378
            ],
            [
              16.898738,
              48.113381
            ],
            [
              16.898743,
              48.113381
            ],
            [
              16.898747,
              48.113384
            ],
            [
              16.898765,
              48.113393
            ],
            [
              16.898766,
              48.113396
            ],
            [
              16.89877,
              48.113396
            ],
            [
              16.898779,
              48.113402
            ],
            [
              16.898793,
              48.113413
            ],
            [
              16.898797,
              48.113413
            ],
            [
              16.898802,
              48.113416
            ],
            [
              16.898802,
              48.113419
            ],
            [
              16.898816,
              48.113425
            ],
            [
              16.898834,
              48.113436
            ],
            [
              16.898838,
              48.113439
            ],
            [
              16.898843,
              48.113442
            ],
            [
              16.898847,
              48.113445
            ],
            [
              16.89887,
              48.113457
            ],
            [
              16.898875,
              48.11346
            ],
            [
              16.898884,
              48.113462
            ],
            [
              16.898888,
              48.113465
            ],
            [
              16.898906,
              48.113471
            ],
            [
              16.898911,
              48.113474
            ],
            [
              16.898915,
              48.113477
            ],
            [
              16.898924,
              48.11348
            ],
            [
              16.898947,
              48.113488
            ],
            [
              16.898956,
              48.113491
            ],
            [
              16.89896,
              48.113494
            ],
            [
              16.898978,
              48.113505
            ],
            [
              16.898983,
              48.113508
            ],
            [
              16.898988,
              48.113511
            ],
            [
              16.898997,
              48.113514
            ],
            [
              16.899015,
              48.113529
            ],
            [
              16.899019,
              48.113532
            ],
            [
              16.899038,
              48.113546
            ],
            [
              16.899042,
              48.113549
            ],
            [
              16.899051,
              48.113555
            ],
            [
              16.89907,
              48.113569
            ],
            [
              16.899079,
              48.113575
            ],
            [
              16.899093,
              48.11359
            ],
            [
              16.899097,
              48.113593
            ],
            [
              16.899116,
              48.113607
            ],
            [
              16.899116,
              48.11361
            ],
            [
              16.89912,
              48.113613
            ],
            [
              16.899125,
              48.113619
            ],
            [
              16.899129,
              48.113622
            ],
            [
              16.899139,
              48.113634
            ],
            [
              16.899157,
              48.113648
            ],
            [
              16.899157,
              48.113651
            ],
            [
              16.899166,
              48.113657
            ],
            [
              16.89918,
              48.113669
            ],
            [
              16.899185,
              48.113675
            ],
            [
              16.899194,
              48.113686
            ],
            [
              16.899203,
              48.113698
            ],
            [
              16.899213,
              48.11371
            ],
            [
              16.899217,
              48.113713
            ],
            [
              16.899222,
              48.113716
            ],
            [
              16.899236,
              48.11373
            ],
            [
              16.899245,
              48.113742
            ],
            [
              16.899259,
              48.113757
            ],
            [
              16.899259,
              48.11376
            ],
            [
              16.899268,
              48.113768
            ],
            [
              16.899282,
              48.11378
            ],
            [
              16.899287,
              48.113786
            ],
            [
              16.899296,
              48.113798
            ],
            [
              16.899301,
              48.113804
            ],
            [
              16.899305,
              48.113807
            ],
            [
              16.899319,
              48.113818
            ],
            [
              16.899323,
              48.113824
            ],
            [
              16.899333,
              48.113836
            ],
            [
              16.899342,
              48.113848
            ],
            [
              16.899351,
              48.113856
            ],
            [
              16.899365,
              48.113868
            ],
            [
              16.899365,
              48.113871
            ],
            [
              16.89937,
              48.113877
            ],
            [
              16.899375,
              48.113886
            ],
            [
              16.899384,
              48.113895
            ],
            [
              16.899389,
              48.1139
            ],
            [
              16.899393,
              48.113909
            ],
            [
              16.899403,
              48.113921
            ],
            [
              16.899403,
              48.113924
            ],
            [
              16.899412,
              48.113933
            ],
            [
              16.899412,
              48.113936
            ],
            [
              16.899417,
              48.113945
            ],
            [
              16.899421,
              48.11395
            ],
            [
              16.899422,
              48.113953
            ],
            [
              16.899426,
              48.113962
            ],
            [
              16.899431,
              48.113965
            ],
            [
              16.899436,
              48.113971
            ],
            [
              16.89944,
              48.113977
            ],
            [
              16.899445,
              48.113977
            ],
            [
              16.899449,
              48.113986
            ],
            [
              16.899454,
              48.113989
            ],
            [
              16.899459,
              48.113994
            ],
            [
              16.899468,
              48.114003
            ],
            [
              16.899468,
              48.114006
            ],
            [
              16.899477,
              48.114012
            ],
            [
              16.899482,
              48.114015
            ],
            [
              16.899486,
              48.114021
            ],
            [
              16.899495,
              48.114027
            ],
            [
              16.899495,
              48.11403
            ],
            [
              16.899505,
              48.114035
            ],
            [
              16.899509,
              48.114041
            ],
            [
              16.899518,
              48.11405
            ],
            [
              16.899519,
              48.114053
            ],
            [
              16.899528,
              48.114062
            ],
            [
              16.899537,
              48.114071
            ],
            [
              16.899542,
              48.114073
            ],
            [
              16.899551,
              48.114082
            ],
            [
              16.89956,
              48.114091
            ],
            [
              16.899564,
              48.114091
            ],
            [
              16.899574,
              48.1141
            ],
            [
              16.899583,
              48.114108
            ],
            [
              16.899592,
              48.114114
            ],
            [
              16.899601,
              48.11412
            ],
            [
              16.899605,
              48.11412
            ],
            [
              16.899606,
              48.114123
            ],
            [
              16.899615,
              48.114126
            ],
            [
              16.899619,
              48.114129
            ],
            [
              16.899624,
              48.114129
            ],
            [
              16.899628,
              48.114135
            ],
            [
              16.899633,
              48.114134
            ],
            [
              16.899642,
              48.11414
            ],
            [
              16.899651,
              48.114143
            ],
            [
              16.89966,
              48.114146
            ],
            [
              16.899664,
              48.114149
            ],
            [
              16.899682,
              48.114151
            ],
            [
              16.899687,
              48.114154
            ],
            [
              16.899691,
              48.114157
            ],
            [
              16.899709,
              48.11416
            ],
            [
              16.899745,
              48.114174
            ],
            [
              16.899818,
              48.114206
            ],
            [
              16.899938,
              48.114384
            ],
            [
              16.899937,
              48.114387
            ],
            [
              16.899943,
              48.114392
            ],
            [
              16.900038,
              48.114479
            ],
            [
              16.900126,
              48.114543
            ],
            [
              16.90037,
              48.114549
            ],
            [
              16.900436,
              48.11455
            ],
            [
              16.900766,
              48.11456
            ],
            [
              16.901039,
              48.114562
            ],
            [
              16.901507,
              48.114544
            ],
            [
              16.901572,
              48.11452
            ],
            [
              16.901576,
              48.114517
            ],
            [
              16.901581,
              48.114511
            ],
            [
              16.901581,
              48.114508
            ],
            [
              16.901585,
              48.114505
            ],
            [
              16.901589,
              48.114502
            ],
            [
              16.901589,
              48.114499
            ],
            [
              16.901598,
              48.114496
            ],
            [
              16.901602,
              48.114496
            ],
            [
              16.901607,
              48.114493
            ],
            [
              16.901611,
              48.114493
            ],
            [
              16.90162,
              48.114493
            ],
            [
              16.901629,
              48.114486
            ],
            [
              16.901633,
              48.11448
            ],
            [
              16.901637,
              48.114477
            ],
            [
              16.901646,
              48.114471
            ],
            [
              16.901654,
              48.114465
            ],
            [
              16.901663,
              48.114459
            ],
            [
              16.901663,
              48.114456
            ],
            [
              16.901672,
              48.114453
            ],
            [
              16.901685,
              48.114447
            ],
            [
              16.901689,
              48.114447
            ],
            [
              16.901698,
              48.114441
            ],
            [
              16.901711,
              48.114437
            ],
            [
              16.901724,
              48.114434
            ],
            [
              16.901742,
              48.114431
            ],
            [
              16.901746,
              48.114428
            ],
            [
              16.90176,
              48.114428
            ],
            [
              16.90176,
              48.114425
            ],
            [
              16.901764,
              48.114425
            ],
            [
              16.901777,
              48.114424
            ],
            [
              16.901795,
              48.114421
            ],
            [
              16.901813,
              48.114421
            ],
            [
              16.90183,
              48.114418
            ],
            [
              16.901848,
              48.114417
            ],
            [
              16.901853,
              48.114417
            ],
            [
              16.90187,
              48.114417
            ],
            [
              16.901875,
              48.11442
            ],
            [
              16.901879,
              48.11442
            ],
            [
              16.901893,
              48.11442
            ],
            [
              16.901897,
              48.11442
            ],
            [
              16.901902,
              48.114419
            ],
            [
              16.901919,
              48.114419
            ],
            [
              16.901942,
              48.114422
            ],
            [
              16.901946,
              48.114422
            ],
            [
              16.901964,
              48.114421
            ],
            [
              16.901968,
              48.114421
            ],
            [
              16.901986,
              48.114424
            ],
            [
              16.901991,
              48.114424
            ],
            [
              16.901995,
              48.114424
            ],
            [
              16.902013,
              48.114427
            ],
            [
              16.90204,
              48.114426
            ],
            [
              16.902044,
              48.114426
            ],
            [
              16.902062,
              48.114426
            ],
            [
              16.902084,
              48.114425
            ],
            [
              16.902089,
              48.114425
            ],
            [
              16.902106,
              48.114425
            ],
            [
              16.902128,
              48.114425
            ],
            [
              16.902151,
              48.114421
            ],
            [
              16.902155,
              48.114421
            ],
            [
              16.902173,
              48.114421
            ],
            [
              16.902199,
              48.114418
            ],
            [
              16.902204,
              48.114417
            ],
            [
              16.902208,
              48.114417
            ],
            [
              16.902226,
              48.114414
            ],
            [
              16.902252,
              48.114411
            ],
            [
              16.902257,
              48.114411
            ],
            [
              16.902275,
              48.11441
            ],
            [
              16.902301,
              48.11441
            ],
            [
              16.902324,
              48.114412
            ],
            [
              16.90235,
              48.114415
            ],
            [
              16.902355,
              48.114415
            ],
            [
              16.902368,
              48.114415
            ],
            [
              16.902373,
              48.114415
            ],
            [
              16.90239,
              48.114411
            ],
            [
              16.902399,
              48.114411
            ],
            [
              16.902417,
              48.114405
            ],
            [
              16.902421,
              48.114405
            ],
            [
              16.902425,
              48.114405
            ],
            [
              16.902439,
              48.114399
            ],
            [
              16.902456,
              48.114389
            ],
            [
              16.90246,
              48.114389
            ],
            [
              16.902473,
              48.11438
            ],
            [
              16.902491,
              48.114371
            ],
            [
              16.902495,
              48.114368
            ],
            [
              16.902495,
              48.114365
            ],
            [
              16.902513,
              48.114359
            ],
            [
              16.902517,
              48.114356
            ],
            [
              16.902517,
              48.114353
            ],
            [
              16.902535,
              48.114349
            ],
            [
              16.902561,
              48.114343
            ],
            [
              16.902565,
              48.114343
            ],
            [
              16.902583,
              48.11434
            ],
            [
              16.902592,
              48.11434
            ],
            [
              16.902596,
              48.11434
            ],
            [
              16.902614,
              48.114339
            ],
            [
              16.902619,
              48.114339
            ],
            [
              16.902623,
              48.114339
            ],
            [
              16.902636,
              48.114339
            ],
            [
              16.902659,
              48.114344
            ],
            [
              16.902668,
              48.114344
            ],
            [
              16.902681,
              48.114347
            ],
            [
              16.902708,
              48.114356
            ],
            [
              16.902713,
              48.114358
            ],
            [
              16.902717,
              48.114358
            ],
            [
              16.902735,
              48.114367
            ],
            [
              16.90274,
              48.114367
            ],
            [
              16.902744,
              48.11437
            ],
            [
              16.902762,
              48.114375
            ],
            [
              16.902785,
              48.114384
            ],
            [
              16.902807,
              48.11439
            ],
            [
              16.902812,
              48.114392
            ],
            [
              16.902816,
              48.114392
            ],
            [
              16.902834,
              48.114398
            ],
            [
              16.902852,
              48.114404
            ],
            [
              16.902856,
              48.114404
            ],
            [
              16.90287,
              48.114409
            ],
            [
              16.902888,
              48.114415
            ],
            [
              16.902893,
              48.114418
            ],
            [
              16.902906,
              48.114424
            ],
            [
              16.902924,
              48.114429
            ],
            [
              16.902929,
              48.114429
            ],
            [
              16.902933,
              48.114432
            ],
            [
              16.902947,
              48.114435
            ],
            [
              16.90296,
              48.114438
            ],
            [
              16.902978,
              48.11444
            ],
            [
              16.902982,
              48.11444
            ],
            [
              16.903,
              48.11444
            ],
            [
              16.903018,
              48.11444
            ],
            [
              16.903031,
              48.114439
            ],
            [
              16.903036,
              48.114439
            ],
            [
              16.903049,
              48.114439
            ],
            [
              16.903053,
              48.114439
            ],
            [
              16.903058,
              48.114442
            ],
            [
              16.903071,
              48.114442
            ],
            [
              16.903089,
              48.114444
            ],
            [
              16.903093,
              48.114444
            ],
            [
              16.903111,
              48.114447
            ],
            [
              16.903129,
              48.11445
            ],
            [
              16.903134,
              48.11445
            ],
            [
              16.903147,
              48.114452
            ],
            [
              16.903152,
              48.114452
            ],
            [
              16.90317,
              48.114458
            ],
            [
              16.903187,
              48.114461
            ],
            [
              16.903201,
              48.114466
            ],
            [
              16.903205,
              48.114466
            ],
            [
              16.90321,
              48.114469
            ],
            [
              16.903223,
              48.114472
            ],
            [
              16.903246,
              48.114478
            ],
            [
              16.903246,
              48.114481
            ],
            [
              16.903259,
              48.114483
            ],
            [
              16.903264,
              48.114483
            ],
            [
              16.903277,
              48.114486
            ],
            [
              16.903291,
              48.114486
            ],
            [
              16.903304,
              48.114488
            ],
            [
              16.903304,
              48.114491
            ],
            [
              16.903317,
              48.114491
            ],
            [
              16.903318,
              48.114494
            ],
            [
              16.903331,
              48.114494
            ],
            [
              16.903335,
              48.114494
            ],
            [
              16.903344,
              48.114497
            ],
            [
              16.903358,
              48.114497
            ],
            [
              16.903362,
              48.114496
            ],
            [
              16.903398,
              48.114496
            ],
            [
              16.902843,
              48.113908
            ],
            [
              16.902829,
              48.113904
            ],
            [
              16.902825,
              48.113901
            ],
            [
              16.90282,
              48.113901
            ],
            [
              16.902816,
              48.113901
            ],
            [
              16.902811,
              48.113904
            ],
            [
              16.902802,
              48.113905
            ],
            [
              16.902794,
              48.113905
            ],
            [
              16.902785,
              48.113902
            ],
            [
              16.902776,
              48.113899
            ],
            [
              16.902767,
              48.113899
            ],
            [
              16.902762,
              48.113896
            ],
            [
              16.902758,
              48.113893
            ],
            [
              16.902753,
              48.113894
            ],
            [
              16.902753,
              48.113891
            ],
            [
              16.902744,
              48.113888
            ],
            [
              16.902735,
              48.113885
            ],
            [
              16.902731,
              48.113885
            ],
            [
              16.902726,
              48.113885
            ],
            [
              16.902726,
              48.113882
            ],
            [
              16.902717,
              48.113882
            ],
            [
              16.902708,
              48.113879
            ],
            [
              16.902699,
              48.113874
            ],
            [
              16.902695,
              48.113874
            ],
            [
              16.902686,
              48.113868
            ],
            [
              16.902681,
              48.113868
            ],
            [
              16.902681,
              48.113865
            ],
            [
              16.902668,
              48.113859
            ],
            [
              16.902654,
              48.113854
            ],
            [
              16.902649,
              48.113851
            ],
            [
              16.902636,
              48.113845
            ],
            [
              16.902636,
              48.113842
            ],
            [
              16.902618,
              48.113833
            ],
            [
              16.902613,
              48.11383
            ],
            [
              16.902599,
              48.113819
            ],
            [
              16.90259,
              48.113816
            ],
            [
              16.902568,
              48.113801
            ],
            [
              16.902549,
              48.11379
            ],
            [
              16.902531,
              48.113775
            ],
            [
              16.902527,
              48.113772
            ],
            [
              16.902522,
              48.113769
            ],
            [
              16.902508,
              48.113758
            ],
            [
              16.902504,
              48.113755
            ],
            [
              16.902499,
              48.113752
            ],
            [
              16.902485,
              48.113743
            ],
            [
              16.902481,
              48.11374
            ],
            [
              16.902476,
              48.113737
            ],
            [
              16.902472,
              48.113737
            ],
            [
              16.902463,
              48.113726
            ],
            [
              16.902453,
              48.113714
            ],
            [
              16.902435,
              48.113705
            ],
            [
              16.902435,
              48.113702
            ],
            [
              16.902431,
              48.113699
            ],
            [
              16.902421,
              48.113694
            ],
            [
              16.902421,
              48.113691
            ],
            [
              16.902417,
              48.113691
            ],
            [
              16.902408,
              48.113682
            ],
            [
              16.902403,
              48.113679
            ],
            [
              16.902389,
              48.113664
            ],
            [
              16.90238,
              48.113656
            ],
            [
              16.902353,
              48.113638
            ],
            [
              16.902321,
              48.113615
            ],
            [
              16.902316,
              48.113615
            ],
            [
              16.902307,
              48.113609
            ],
            [
              16.902303,
              48.113606
            ],
            [
              16.902298,
              48.113601
            ],
            [
              16.902293,
              48.113598
            ],
            [
              16.902293,
              48.113592
            ],
            [
              16.902289,
              48.113592
            ],
            [
              16.902284,
              48.113589
            ],
            [
              16.90228,
              48.113583
            ],
            [
              16.902275,
              48.113577
            ],
            [
              16.902266,
              48.113571
            ],
            [
              16.902261,
              48.113565
            ],
            [
              16.902252,
              48.11356
            ],
            [
              16.902252,
              48.113557
            ],
            [
              16.902247,
              48.113554
            ],
            [
              16.902243,
              48.113554
            ],
            [
              16.902238,
              48.113551
            ],
            [
              16.902234,
              48.113548
            ],
            [
              16.902225,
              48.113545
            ],
            [
              16.90222,
              48.113539
            ],
            [
              16.902216,
              48.113539
            ],
            [
              16.902211,
              48.113536
            ],
            [
              16.902207,
              48.113534
            ],
            [
              16.902207,
              48.113531
            ],
            [
              16.902202,
              48.113531
            ],
            [
              16.902198,
              48.113528
            ],
            [
              16.902188,
              48.113522
            ],
            [
              16.902184,
              48.113516
            ],
            [
              16.902175,
              48.113513
            ],
            [
              16.902175,
              48.11351
            ],
            [
              16.902166,
              48.113507
            ],
            [
              16.902161,
              48.113505
            ],
            [
              16.902161,
              48.113502
            ],
            [
              16.902157,
              48.113499
            ],
            [
              16.902156,
              48.113496
            ],
            [
              16.902152,
              48.113493
            ],
            [
              16.902147,
              48.11349
            ],
            [
              16.902147,
              48.113487
            ],
            [
              16.902143,
              48.113487
            ],
            [
              16.902143,
              48.113484
            ],
            [
              16.902138,
              48.113481
            ],
            [
              16.902134,
              48.113478
            ],
            [
              16.902133,
              48.113472
            ],
            [
              16.902129,
              48.113466
            ],
            [
              16.902124,
              48.113461
            ],
            [
              16.902119,
              48.113452
            ],
            [
              16.902114,
              48.113443
            ],
            [
              16.90211,
              48.113434
            ],
            [
              16.9021,
              48.113422
            ],
            [
              16.9021,
              48.113419
            ],
            [
              16.902091,
              48.113408
            ],
            [
              16.902091,
              48.113405
            ],
            [
              16.902081,
              48.113393
            ],
            [
              16.902072,
              48.113381
            ],
            [
              16.902068,
              48.113378
            ],
            [
              16.902063,
              48.113366
            ],
            [
              16.902058,
              48.113363
            ],
            [
              16.902053,
              48.113352
            ],
            [
              16.902053,
              48.113349
            ],
            [
              16.902053,
              48.113337
            ],
            [
              16.902053,
              48.113334
            ],
            [
              16.902052,
              48.113319
            ],
            [
              16.902052,
              48.113316
            ],
            [
              16.902056,
              48.113301
            ],
            [
              16.902056,
              48.113298
            ],
            [
              16.90206,
              48.113295
            ],
            [
              16.902064,
              48.113283
            ],
            [
              16.902068,
              48.11328
            ],
            [
              16.902077,
              48.113268
            ],
            [
              16.902081,
              48.113265
            ],
            [
              16.90209,
              48.113253
            ],
            [
              16.902094,
              48.113247
            ],
            [
              16.902102,
              48.113232
            ],
            [
              16.902102,
              48.113229
            ],
            [
              16.902111,
              48.113217
            ],
            [
              16.90211,
              48.113214
            ],
            [
              16.90211,
              48.113202
            ],
            [
              16.90211,
              48.113199
            ],
            [
              16.902109,
              48.113184
            ],
            [
              16.902109,
              48.113181
            ],
            [
              16.9021,
              48.113166
            ],
            [
              16.9021,
              48.113163
            ],
            [
              16.90209,
              48.113152
            ],
            [
              16.90209,
              48.113149
            ],
            [
              16.902086,
              48.113146
            ],
            [
              16.902076,
              48.113137
            ],
            [
              16.902076,
              48.113134
            ],
            [
              16.902063,
              48.113125
            ],
            [
              16.902063,
              48.113122
            ],
            [
              16.902049,
              48.113117
            ],
            [
              16.902049,
              48.113114
            ],
            [
              16.902044,
              48.113111
            ],
            [
              16.902031,
              48.113105
            ],
            [
              16.902017,
              48.113099
            ],
            [
              16.902017,
              48.113096
            ],
            [
              16.902004,
              48.113094
            ],
            [
              16.901999,
              48.113091
            ],
            [
              16.90199,
              48.113085
            ],
            [
              16.901986,
              48.113082
            ],
            [
              16.901972,
              48.113076
            ],
            [
              16.901967,
              48.113073
            ],
            [
              16.901959,
              48.113071
            ],
            [
              16.901954,
              48.113068
            ],
            [
              16.901941,
              48.113065
            ],
            [
              16.901936,
              48.113065
            ],
            [
              16.901932,
              48.113062
            ],
            [
              16.901918,
              48.113059
            ],
            [
              16.901914,
              48.113059
            ],
            [
              16.9019,
              48.113057
            ],
            [
              16.901896,
              48.113054
            ],
            [
              16.901878,
              48.113048
            ],
            [
              16.901873,
              48.113045
            ],
            [
              16.90186,
              48.113039
            ],
            [
              16.901842,
              48.113031
            ],
            [
              16.901837,
              48.113031
            ],
            [
              16.901819,
              48.113025
            ],
            [
              16.901819,
              48.113022
            ],
            [
              16.901805,
              48.113016
            ],
            [
              16.901792,
              48.113011
            ],
            [
              16.901778,
              48.113005
            ],
            [
              16.901774,
              48.113002
            ],
            [
              16.901765,
              48.112996
            ],
            [
              16.901765,
              48.112993
            ],
            [
              16.90176,
              48.112985
            ],
            [
              16.901755,
              48.112985
            ],
            [
              16.90175,
              48.112973
            ],
            [
              16.90175,
              48.11297
            ],
            [
              16.901741,
              48.112958
            ],
            [
              16.901741,
              48.112955
            ],
            [
              16.90174,
              48.11294
            ],
            [
              16.90174,
              48.112934
            ],
            [
              16.901744,
              48.112922
            ],
            [
              16.901744,
              48.112916
            ],
            [
              16.901744,
              48.112904
            ],
            [
              16.901748,
              48.112901
            ],
            [
              16.901747,
              48.112889
            ],
            [
              16.901752,
              48.112886
            ],
            [
              16.901756,
              48.112872
            ],
            [
              16.901756,
              48.112869
            ],
            [
              16.90176,
              48.112857
            ],
            [
              16.901759,
              48.112854
            ],
            [
              16.901763,
              48.112842
            ],
            [
              16.901763,
              48.112839
            ],
            [
              16.901759,
              48.11283
            ],
            [
              16.901758,
              48.112818
            ],
            [
              16.901753,
              48.112809
            ],
            [
              16.901753,
              48.112806
            ],
            [
              16.901744,
              48.112797
            ],
            [
              16.901744,
              48.112794
            ],
            [
              16.901735,
              48.112786
            ],
            [
              16.901735,
              48.112783
            ],
            [
              16.90173,
              48.112774
            ],
            [
              16.901725,
              48.112774
            ],
            [
              16.901721,
              48.112765
            ],
            [
              16.901716,
              48.112762
            ],
            [
              16.901711,
              48.11275
            ],
            [
              16.901702,
              48.112741
            ],
            [
              16.901693,
              48.112733
            ],
            [
              16.901693,
              48.11273
            ],
            [
              16.901684,
              48.112724
            ],
            [
              16.901683,
              48.112721
            ],
            [
              16.901679,
              48.112721
            ],
            [
              16.901674,
              48.112715
            ],
            [
              16.90167,
              48.112709
            ],
            [
              16.901661,
              48.112703
            ],
            [
              16.901651,
              48.112698
            ],
            [
              16.901673,
              48.112678
            ],
            [
              16.901673,
              48.112673
            ],
            [
              16.901673,
              48.112671
            ],
            [
              16.901673,
              48.112669
            ],
            [
              16.900968,
              48.111933
            ],
            [
              16.900927,
              48.111978
            ],
            [
              16.900776,
              48.112111
            ],
            [
              16.900501,
              48.112528
            ],
            [
              16.900302,
              48.112791
            ],
            [
              16.900086,
              48.112949
            ],
            [
              16.89972,
              48.113095
            ],
            [
              16.899599,
              48.113105
            ],
            [
              16.899586,
              48.113097
            ],
            [
              16.899576,
              48.113088
            ],
            [
              16.899576,
              48.113085
            ],
            [
              16.899572,
              48.113085
            ],
            [
              16.899572,
              48.113079
            ],
            [
              16.899562,
              48.113073
            ],
            [
              16.899558,
              48.11307
            ],
            [
              16.899544,
              48.113065
            ],
            [
              16.899544,
              48.113062
            ],
            [
              16.899535,
              48.113059
            ],
            [
              16.899508,
              48.113056
            ],
            [
              16.899504,
              48.113056
            ],
            [
              16.899486,
              48.113054
            ],
            [
              16.899482,
              48.113054
            ],
            [
              16.899477,
              48.113054
            ],
            [
              16.899464,
              48.113051
            ],
            [
              16.899464,
              48.113048
            ],
            [
              16.899459,
              48.113048
            ],
            [
              16.899446,
              48.113045
            ],
            [
              16.899441,
              48.113043
            ],
            [
              16.899428,
              48.11304
            ],
            [
              16.899428,
              48.113037
            ],
            [
              16.899414,
              48.113031
            ],
            [
              16.89941,
              48.113031
            ],
            [
              16.89941,
              48.113028
            ],
            [
              16.899405,
              48.113028
            ],
            [
              16.899392,
              48.11302
            ],
            [
              16.899378,
              48.113014
            ],
            [
              16.899378,
              48.113011
            ],
            [
              16.899373,
              48.113011
            ],
            [
              16.899369,
              48.113008
            ],
            [
              16.89936,
              48.113002
            ],
            [
              16.899355,
              48.113002
            ],
            [
              16.899342,
              48.112994
            ],
            [
              16.899337,
              48.112994
            ],
            [
              16.899333,
              48.112991
            ],
            [
              16.89931,
              48.112982
            ],
            [
              16.899301,
              48.112976
            ],
            [
              16.899288,
              48.112971
            ],
            [
              16.899279,
              48.112968
            ],
            [
              16.899269,
              48.112962
            ],
            [
              16.899265,
              48.112962
            ],
            [
              16.899265,
              48.112959
            ],
            [
              16.89926,
              48.112959
            ],
            [
              16.899256,
              48.112956
            ],
            [
              16.899247,
              48.112953
            ],
            [
              16.899243,
              48.112954
            ],
            [
              16.899242,
              48.112951
            ],
            [
              16.899238,
              48.112951
            ],
            [
              16.899233,
              48.112948
            ],
            [
              16.899224,
              48.112942
            ],
            [
              16.899224,
              48.112939
            ],
            [
              16.89922,
              48.112939
            ],
            [
              16.899215,
              48.112936
            ],
            [
              16.899206,
              48.112927
            ],
            [
              16.899201,
              48.112924
            ],
            [
              16.899201,
              48.112921
            ],
            [
              16.899192,
              48.112916
            ],
            [
              16.899188,
              48.112913
            ],
            [
              16.899178,
              48.112904
            ],
            [
              16.899174,
              48.112901
            ],
            [
              16.89916,
              48.112898
            ],
            [
              16.899152,
              48.112896
            ],
            [
              16.899143,
              48.112893
            ],
            [
              16.899138,
              48.11289
            ],
            [
              16.899134,
              48.11289
            ],
            [
              16.899129,
              48.112881
            ],
            [
              16.89912,
              48.112875
            ],
            [
              16.899115,
              48.112872
            ],
            [
              16.899106,
              48.112867
            ],
            [
              16.899097,
              48.112864
            ]
          ]
        ]
      }
    },
    {
      "type": "Feature",
      "properties": {
        "OBJECTID": 109,
        "type": "militaerisch",
        "type_en": "Military"
      },
      "geometry": {
        "type": "Polygon",
        "coordinates": [
          [
            [
              16.875753,
              48.113234
            ],
            [
              16.875704,
              48.113234
            ],
            [
              16.875681,
              48.113235
            ],
            [
              16.875607,
              48.113239
            ],
            [
              16.87555,
              48.113255
            ],
            [
              16.87548,
              48.113286
            ],
            [
              16.873991,
              48.114509
            ],
            [
              16.873991,
              48.11451
            ],
            [
              16.873977,
              48.114519
            ],
            [
              16.873965,
              48.11453
            ],
            [
              16.873897,
              48.114598
            ],
            [
              16.873888,
              48.114618
            ],
            [
              16.87389,
              48.114656
            ],
            [
              16.873899,
              48.114681
            ],
            [
              16.873914,
              48.114712
            ],
            [
              16.873925,
              48.114728
            ],
            [
              16.873938,
              48.114744
            ],
            [
              16.875485,
              48.115611
            ],
            [
              16.875594,
              48.115677
            ],
            [
              16.875595,
              48.115677
            ],
            [
              16.87561,
              48.115687
            ],
            [
              16.875629,
              48.115691
            ],
            [
              16.875636,
              48.115692
            ],
            [
              16.875657,
              48.115693
            ],
            [
              16.875669,
              48.115694
            ],
            [
              16.875694,
              48.115693
            ],
            [
              16.875718,
              48.115692
            ],
            [
              16.875728,
              48.11569
            ],
            [
              16.875747,
              48.115688
            ],
            [
              16.875778,
              48.11568
            ],
            [
              16.875797,
              48.115674
            ],
            [
              16.875802,
              48.115672
            ],
            [
              16.875834,
              48.115658
            ],
            [
              16.875857,
              48.11565
            ],
            [
              16.875912,
              48.115622
            ],
            [
              16.877404,
              48.114394
            ],
            [
              16.877419,
              48.11438
            ],
            [
              16.877451,
              48.114349
            ],
            [
              16.877454,
              48.114304
            ],
            [
              16.877453,
              48.114265
            ],
            [
              16.877451,
              48.114227
            ],
            [
              16.877445,
              48.114185
            ],
            [
              16.877417,
              48.114135
            ],
            [
              16.876638,
              48.113702
            ],
            [
              16.876533,
              48.113644
            ],
            [
              16.87582,
              48.113247
            ],
            [
              16.875753,
              48.113234
            ]
          ]
        ]
      }
    }
  ]
}